-- Data export for AWS MySQL
SET FOREIGN_KEY_CHECKS=0;

INSERT INTO auth_user (id, password, last_login, is_superuser, username, first_name, last_name, email, is_staff, is_active, date_joined) VALUES (1, 'pbkdf2_sha256$870000$et3jtxFCRHurTA69SNJVqc$Us+AbgoLNV6YToUEpBAgk21i9yDUFOQq+tcMwlzvC6I=', '2025-11-22 14:24:28', 1, 'Christian Bitu-onon1', '', '', 'Christianbituonon4@gmail.com', 1, 1, '2025-02-19 15:31:16');
INSERT INTO auth_user (id, password, last_login, is_superuser, username, first_name, last_name, email, is_staff, is_active, date_joined) VALUES (13, 'pbkdf2_sha256$870000$ySZypVeTIBEIU05r2DVWtw$aU18hCiWIQkBQF7WyD3a5O1CTWCzKNYwyDsU7Jt7pgg=', NULL, 1, 'Admin', '', '', 'Admin@gmail.com', 1, 1, '2025-03-19 06:23:18');
INSERT INTO auth_user (id, password, last_login, is_superuser, username, first_name, last_name, email, is_staff, is_active, date_joined) VALUES (64, 'pbkdf2_sha256$870000$ONmgQoB6khppUYemR3o4gP$58C497E8NL1HD0i2W4raxNyqaNEo+POJWWplZgeIiKc=', '2025-10-09 17:49:10', 0, 'Aeron Dave Caligagan', '', '', 'aerondave.caligagan@gmail.com', 0, 1, '2025-04-04 18:17:38');
INSERT INTO auth_user (id, password, last_login, is_superuser, username, first_name, last_name, email, is_staff, is_active, date_joined) VALUES (67, 'pbkdf2_sha256$870000$Wem2aWJosnKfs4NL5RFYNX$sX+RedGphRCGyl618NEyucQk7luoazfXuU2uW5g9Lho=', '2025-10-02 12:21:54', 0, 'Alberto Reyes', '', '', 'reyesalberto1610@gmail.com', 0, 1, '2025-04-05 09:40:56');
INSERT INTO auth_user (id, password, last_login, is_superuser, username, first_name, last_name, email, is_staff, is_active, date_joined) VALUES (69, 'pbkdf2_sha256$870000$yQWs2hj3qbWZ7Xr73e4gws$FeRz0/9QXeVVilS1hq1xKmET8u8vC6dqiIr3j/BgaYA=', '2025-04-21 04:35:30', 0, 'Jerold Oyando', '', '', 'jeroldoyando22@gmail.com', 0, 1, '2025-04-05 10:49:49');
INSERT INTO auth_user (id, password, last_login, is_superuser, username, first_name, last_name, email, is_staff, is_active, date_joined) VALUES (70, 'pbkdf2_sha256$870000$y40GvTrILbftwz1MmUWViq$jig2b1vMveNOlJCu/LmW/Gxx5P9HGbBMws/3Ixm1mDc=', '2025-10-02 12:32:51', 0, 'James Bryan Yabut', '', '', 'jamesyabut2003@gmail.com', 0, 1, '2025-04-05 11:02:56');
INSERT INTO auth_user (id, password, last_login, is_superuser, username, first_name, last_name, email, is_staff, is_active, date_joined) VALUES (76, 'pbkdf2_sha256$870000$SBv6yUggTTAePJ7yltjase$HnqsDFtrk1FD613zT848Z37cRVMrlh5zdtYvSbjLMlk=', NULL, 0, 'Johnrev Abanes', '', '', 'Revabanes12@gmail.com', 0, 1, '2025-04-06 18:12:35');
INSERT INTO auth_user (id, password, last_login, is_superuser, username, first_name, last_name, email, is_staff, is_active, date_joined) VALUES (84, 'pbkdf2_sha256$870000$PoWYsAdBgCg9NLMhVdMUJf$SPGEwO2bj/hPP6cbsPRSUv5k+hpA9oHtkUcB2COtZYM=', NULL, 0, 'Lorence Mancenido', '', '', 'lorence.mancenido@cca.edu.ph', 0, 1, '2025-10-02 12:50:07');
INSERT INTO auth_user (id, password, last_login, is_superuser, username, first_name, last_name, email, is_staff, is_active, date_joined) VALUES (87, 'pbkdf2_sha256$870000$6joGm6XuGWSjsl5paGUyJ2$dcd7F58WJhaqfgMtrvmFkMBMMy01dKGm8GL3ZLFofsA=', NULL, 0, 'jeroldoyando', '', '', 'jeroldoyando@gmail.com', 0, 1, '2025-10-02 18:23:52');
INSERT INTO auth_user (id, password, last_login, is_superuser, username, first_name, last_name, email, is_staff, is_active, date_joined) VALUES (88, 'pbkdf2_sha256$870000$fI1cFSUsdKWoosf1Uld5T3$f+aXldRMyJbIfVdHy7tjHf6+3HRC4WjPQmQfq20p6Vo=', NULL, 0, 'johnrev', '', '', 'johnrev@gmail.com', 0, 1, '2025-10-02 18:26:37');
INSERT INTO auth_user (id, password, last_login, is_superuser, username, first_name, last_name, email, is_staff, is_active, date_joined) VALUES (89, 'pbkdf2_sha256$870000$bv4FFyKFgFfczElbzby6AX$Wlc1DjR05PEfFyX0gzkb0tUpg+rvAAjKjjjFbAV5wTg=', NULL, 0, 'aerondavecaligagan1', '', '', 'aerondave.caligagan1@cca.edu.ph', 0, 1, '2025-10-02 18:32:37');
INSERT INTO auth_user (id, password, last_login, is_superuser, username, first_name, last_name, email, is_staff, is_active, date_joined) VALUES (93, 'pbkdf2_sha256$870000$kweFnMsznw1Tp4LcfjPjF8$twnIgvUT134bI6fbDlCJo5+2AVSfgJkn0jrKtIXtfqM=', '2025-11-18 10:05:06', 0, 'jadepuno', '', '', 'jade.puno@gmail.com', 0, 1, '2025-10-03 11:58:14');
INSERT INTO auth_user (id, password, last_login, is_superuser, username, first_name, last_name, email, is_staff, is_active, date_joined) VALUES (95, 'pbkdf2_sha256$870000$LUeyiH9clC45PeiYjs9vBs$t55RotKpyKDfSD9f0wZDb9Tgl1VT4qETPNNCGfzUNkc=', '2025-11-02 15:17:21', 0, 'Albertoreyes', '', '', 'Alberto.reyes@gmail.com', 0, 1, '2025-10-03 11:59:11');
INSERT INTO auth_user (id, password, last_login, is_superuser, username, first_name, last_name, email, is_staff, is_active, date_joined) VALUES (98, 'pbkdf2_sha256$870000$U5558kMQT9N1Z9UICVoQiy$txlbpdc4eKcVUG1gEpW2suWkwG47CPyaIHPVd17QUnw=', '2025-11-12 11:39:44', 0, 'aeroncaligagan', '', '', 'aeroncaligagan@gmail.com', 0, 1, '2025-10-09 15:34:17');
INSERT INTO auth_user (id, password, last_login, is_superuser, username, first_name, last_name, email, is_staff, is_active, date_joined) VALUES (99, 'pbkdf2_sha256$870000$93sjREcnee0DyGbqwP6MQw$jQu7dNvu43f3MnnyceWe8CODkL/KvdPAcQzB7h8qk0g=', '2025-11-12 12:03:21', 0, 'johnrevabanes', '', '', 'johnrevabanes@cca.edu.ph', 0, 1, '2025-10-09 15:36:19');
INSERT INTO auth_user (id, password, last_login, is_superuser, username, first_name, last_name, email, is_staff, is_active, date_joined) VALUES (100, 'pbkdf2_sha256$870000$UgeOsuOCp7TgCX1AxkJ8yG$XwGoJBNXqRUM6y6eU/xpJ3935upGKXK64VtCDa0490U=', '2025-11-12 10:32:19', 0, 'jovicabique', '', '', 'jovicabique@cca.edu.ph', 0, 1, '2025-10-09 15:37:12');
INSERT INTO auth_user (id, password, last_login, is_superuser, username, first_name, last_name, email, is_staff, is_active, date_joined) VALUES (101, 'pbkdf2_sha256$870000$rKfbw6pUFszOsYeVGpe7Ol$hovXh4/ZRr29OX8NToN/FxEIFtqpSUHZtWRhDlv6CTo=', '2025-10-11 19:38:54', 0, 'manoyabuque', '', '', 'manoyabuque@cca.edu.ph', 0, 1, '2025-10-09 15:38:15');
INSERT INTO auth_user (id, password, last_login, is_superuser, username, first_name, last_name, email, is_staff, is_active, date_joined) VALUES (102, 'pbkdf2_sha256$870000$250job1Pw4SxUSKVEqkM71$4eiwizHF9ulhAV3/saWZzaWfQKTvkcyc9qIGO8S5ecE=', '2025-10-11 19:40:11', 0, 'racaelaalcibar', '', '', 'racaelaalcibar@cca.edu.ph', 0, 1, '2025-10-09 15:39:17');
INSERT INTO auth_user (id, password, last_login, is_superuser, username, first_name, last_name, email, is_staff, is_active, date_joined) VALUES (104, 'pbkdf2_sha256$870000$bOPPx1J27gV2a15qkxg0P1$bV1r3msDxrXPXFYuKYfMhzrHtzzuqPiFo7ylXlr12eU=', NULL, 0, 'paulinabatac', '', '', 'paulinabatac@cca.edu.ph', 0, 1, '2025-10-09 15:41:56');
INSERT INTO auth_user (id, password, last_login, is_superuser, username, first_name, last_name, email, is_staff, is_active, date_joined) VALUES (105, 'pbkdf2_sha256$870000$tzJr8rhgQIchnzsnu3X85J$6GIKp4VEeqP+hyLO5etzCj7QcE8KXqtCRLVebYBudI0=', '2025-10-13 05:16:31', 0, 'ibrahimbilda', '', '', 'ibrahimbilda@cca.edu.ph', 0, 1, '2025-10-09 15:42:51');
INSERT INTO auth_user (id, password, last_login, is_superuser, username, first_name, last_name, email, is_staff, is_active, date_joined) VALUES (106, 'pbkdf2_sha256$870000$r8fGJlVfurec3n5haJn4km$9YFh2vE3dS+m8EFIsxNH0gPXlSBTle/V0STkhVzaBts=', '2025-10-26 14:06:36', 0, 'sylvesterbustos', '', '', 'sylvesterbustos@cca.edu.ph', 0, 1, '2025-10-09 15:43:43');
INSERT INTO auth_user (id, password, last_login, is_superuser, username, first_name, last_name, email, is_staff, is_active, date_joined) VALUES (107, 'pbkdf2_sha256$870000$y4HxsKp8O5Gklqzi0gNGUO$ZvgOpLK63GvHIHrcTjyZdji6KY4pwLqp4SXKMi7zG8s=', '2025-10-10 16:24:15', 0, 'johncalalo', '', '', 'johncalalo@cca.edu.ph', 0, 1, '2025-10-09 15:44:33');
INSERT INTO auth_user (id, password, last_login, is_superuser, username, first_name, last_name, email, is_staff, is_active, date_joined) VALUES (109, 'pbkdf2_sha256$870000$hPe8OMPVk8rl2brrOpqiN8$rBmyN9G9M4w+W41H3xmkNZvhA3nt0mr59mEV3Te2q7U=', NULL, 0, 'jowardclaudio', '', '', 'jowardclaudio@cca.edu.ph', 0, 1, '2025-10-09 15:47:03');
INSERT INTO auth_user (id, password, last_login, is_superuser, username, first_name, last_name, email, is_staff, is_active, date_joined) VALUES (110, 'pbkdf2_sha256$870000$bgeAbKIU6dV467AgW3UTqb$a8QIdtKfgUGYfEftmjqQKDhswHncd3SzxAeYhbR2fas=', NULL, 0, 'rafaeldavid', '', '', 'rafaeldavid@cca.edu.ph', 0, 1, '2025-10-09 15:47:46');
INSERT INTO auth_user (id, password, last_login, is_superuser, username, first_name, last_name, email, is_staff, is_active, date_joined) VALUES (111, 'pbkdf2_sha256$870000$K3bhQ8XnRUebqS1xsrgYpT$6H48sikZwnlw4ILv5dT58WSCENxLkgBwGGVOevznu2w=', NULL, 0, 'fritzdiaz', '', '', 'fritzdiaz@cca.edu.ph', 0, 1, '2025-10-09 15:48:54');
INSERT INTO auth_user (id, password, last_login, is_superuser, username, first_name, last_name, email, is_staff, is_active, date_joined) VALUES (112, 'pbkdf2_sha256$870000$op3B1hdJsJgcXRaE8D3kiR$W2LISOYH9nCIzJKY8g8FBieATrFSIDjvjCObjFgTPq4=', NULL, 0, 'preciousflores', '', '', 'preciousflores@cca.edu.ph', 0, 1, '2025-10-09 15:49:51');
INSERT INTO auth_user (id, password, last_login, is_superuser, username, first_name, last_name, email, is_staff, is_active, date_joined) VALUES (113, 'pbkdf2_sha256$870000$WM1SmaE25aFiwE4aKZaDxS$NCJnIhTVp+BH4+zizJ5b+YRbh9Gmcjj3+dAgqqxTDNo=', NULL, 0, 'ruizgaton', '', '', 'ruizgaton@cca.edu.ph', 0, 1, '2025-10-09 15:50:48');
INSERT INTO auth_user (id, password, last_login, is_superuser, username, first_name, last_name, email, is_staff, is_active, date_joined) VALUES (114, 'pbkdf2_sha256$870000$I5cllrIIxSi0L7mbfJPXrY$FOLAJPq+JICE6aXdPnVaD5179shaxCBjH+j0mypkB6s=', NULL, 0, 'shamellehay', '', '', 'shamellehay@cca.edu.ph', 0, 1, '2025-10-09 15:51:45');
INSERT INTO auth_user (id, password, last_login, is_superuser, username, first_name, last_name, email, is_staff, is_active, date_joined) VALUES (115, 'pbkdf2_sha256$870000$8zazEHwRInN7kktLXEPqzR$zQlxLnBRMa9hN6vFzvYLwPbGNRq3ouUQjgqNminMVFo=', NULL, 0, 'ianilao', '', '', 'ianilao@cca.edu.ph', 0, 1, '2025-10-09 15:52:41');
INSERT INTO auth_user (id, password, last_login, is_superuser, username, first_name, last_name, email, is_staff, is_active, date_joined) VALUES (116, 'pbkdf2_sha256$870000$g0ku79eXGWQMbCmRHdWLXJ$jLvOJcYsHVAA0ftucnQarRfdZVUFs5bmojb0A2Vl7SM=', NULL, 0, 'jimuellagman', '', '', 'jimuellagman@cca.edu.ph', 0, 1, '2025-10-09 15:53:19');
INSERT INTO auth_user (id, password, last_login, is_superuser, username, first_name, last_name, email, is_staff, is_active, date_joined) VALUES (117, 'pbkdf2_sha256$870000$D9cPUsGQUNUKVkK0Y0qgd0$PvNqq/bfUSjXBqcbup035ecYZdDwf1hblQWxm5U9LrQ=', NULL, 0, 'clydelubat', '', '', 'clydelubat@cca.edu.ph', 0, 1, '2025-10-09 15:54:21');
INSERT INTO auth_user (id, password, last_login, is_superuser, username, first_name, last_name, email, is_staff, is_active, date_joined) VALUES (119, 'pbkdf2_sha256$870000$xPkqWPzib72l5Fzrvt5uvE$ZfCTVQPbLm/7sSAGRWSHR6f+XXmhD/HWoKdXhwWVDqk=', NULL, 0, 'lorencemancenido', '', '', 'lorencemancenido@cca.edu.ph', 0, 1, '2025-10-09 15:55:48');
INSERT INTO auth_user (id, password, last_login, is_superuser, username, first_name, last_name, email, is_staff, is_active, date_joined) VALUES (120, 'pbkdf2_sha256$870000$A2iblq4dAcudSULo69CeDC$6nXHlY6VTT3RJLa1bqda05wsywYBz3XfEXhRW4ozWEs=', NULL, 0, 'christianmangalao', '', '', 'christianmangalao@cca.edu.ph', 0, 1, '2025-10-09 15:56:40');
INSERT INTO auth_user (id, password, last_login, is_superuser, username, first_name, last_name, email, is_staff, is_active, date_joined) VALUES (121, 'pbkdf2_sha256$870000$Lx6etCTdRY44w7bDSWgLT9$X04CiL2YUIJMBsm8KQzkdmG+tk4LyQ7gesYMkabsL/s=', NULL, 0, 'marlonmiranda', '', '', 'marlonmiranda@cca.edu.ph', 0, 1, '2025-10-09 15:57:31');
INSERT INTO auth_user (id, password, last_login, is_superuser, username, first_name, last_name, email, is_staff, is_active, date_joined) VALUES (122, 'pbkdf2_sha256$870000$dEJuAliYTckkYR3R8nLrIP$ZTHCgqFuBGv0C14OlFY8wheOHeEgDrtGFvKvNthZqYc=', NULL, 0, 'christopheromania', '', '', 'christopheromania@cca.edu.ph', 0, 1, '2025-10-09 15:58:37');
INSERT INTO auth_user (id, password, last_login, is_superuser, username, first_name, last_name, email, is_staff, is_active, date_joined) VALUES (123, 'pbkdf2_sha256$870000$bmYoVPUfU0cukV9tJXAxRO$KQi89GsVIiktUS3/TpTB4Wdxzjyx9Wf+7hptZe/rObg=', '2025-11-15 17:15:58', 0, 'jeroldoyando1', '', '', 'jeroldoyando@cca.edu.ph', 0, 1, '2025-10-09 15:59:22');
INSERT INTO auth_user (id, password, last_login, is_superuser, username, first_name, last_name, email, is_staff, is_active, date_joined) VALUES (124, 'pbkdf2_sha256$870000$l8fwfa9wC5DgMtd8msU0Wl$VQdAlobC8HgO/4JpchdzaQT0IiVqCaiCL6ir67STllk=', NULL, 0, 'anthonyplanos', '', '', 'anthonyplanos@cca.edu.ph', 0, 1, '2025-10-09 16:00:17');
INSERT INTO auth_user (id, password, last_login, is_superuser, username, first_name, last_name, email, is_staff, is_active, date_joined) VALUES (125, 'pbkdf2_sha256$870000$HuwOFOSYCLVF7Zqhb0LNoO$tHzetTDckCH/L9SBuRpLEW+Osg3z7EV1thnK0x+miTc=', NULL, 0, 'rainersanchez', '', '', 'rainersanchez@cca.edu.ph', 0, 1, '2025-10-09 16:00:59');
INSERT INTO auth_user (id, password, last_login, is_superuser, username, first_name, last_name, email, is_staff, is_active, date_joined) VALUES (126, 'pbkdf2_sha256$870000$TGDyxHGjvRmWmEUQiiBuMT$S6Bic6lsoN1xZN0jCf7sUNv1/KEo/yX0voNwGY7rsuI=', NULL, 0, 'machristinasoriano', '', '', 'machristinasoriano@cca.edu.ph', 0, 1, '2025-10-09 16:01:55');
INSERT INTO auth_user (id, password, last_login, is_superuser, username, first_name, last_name, email, is_staff, is_active, date_joined) VALUES (127, 'pbkdf2_sha256$870000$WKlROH1wNzroukPX1dbwLg$qhk2Z0KkqWL73MpRoCoiSRcGmaMyfnchjfv4GpfNSN0=', NULL, 0, 'paultegio', '', '', 'paultegio@cca.edu.ph', 0, 1, '2025-10-09 16:02:51');
INSERT INTO auth_user (id, password, last_login, is_superuser, username, first_name, last_name, email, is_staff, is_active, date_joined) VALUES (128, 'pbkdf2_sha256$870000$DI4c3swpl3SkhRCF20aVlK$u0C/4GorNA2SG2DnttjSQ3qFb7NIB4Vvr0kn3cZexoQ=', NULL, 0, 'floriantubiera', '', '', 'floriantubiera@cca.edu.ph', 0, 1, '2025-10-09 16:03:33');
INSERT INTO auth_user (id, password, last_login, is_superuser, username, first_name, last_name, email, is_staff, is_active, date_joined) VALUES (129, 'pbkdf2_sha256$870000$RQ5WdwfvHuXUiBpGlzkQco$geEJwMqKchac/Xd9J7J3kmyQ4YoVIC3cAe7P+0VKFHU=', '2025-10-30 15:45:55', 0, 'marksebastian', '', '', 'marksebastian@gmail.com', 0, 1, '2025-10-09 16:06:01');
INSERT INTO auth_user (id, password, last_login, is_superuser, username, first_name, last_name, email, is_staff, is_active, date_joined) VALUES (130, 'pbkdf2_sha256$870000$npED5mXcsewKSQxKGgyUfO$6DpMZGZlfXBvZ6i+9ZuL+J/Q20OsoK+fevd4Rde9kcg=', NULL, 0, 'paulomadrigal', '', '', 'paulomadrigal@gmail.com', 0, 1, '2025-10-09 16:07:13');
INSERT INTO auth_user (id, password, last_login, is_superuser, username, first_name, last_name, email, is_staff, is_active, date_joined) VALUES (131, 'pbkdf2_sha256$870000$A7HGSK0nC5XpOsC6nu1F6p$d9ie7h3Znh5bAVCmvQi9cI7WTcGAxwhIT3lpNwudXeA=', NULL, 0, 'sethrodrigo', '', '', 'sethrodrigo@gmail.com', 0, 1, '2025-10-09 16:08:49');
INSERT INTO auth_user (id, password, last_login, is_superuser, username, first_name, last_name, email, is_staff, is_active, date_joined) VALUES (132, 'pbkdf2_sha256$870000$nieWHwZnF9mmVxvzKaOMBF$rCI4PDsb4yFnRQl4xlXp81m4l8Aq47orO7Roc772HQo=', NULL, 0, 'jonathantupaz', '', '', 'jonathantupaz@gmail.com', 0, 1, '2025-10-09 16:09:29');
INSERT INTO auth_user (id, password, last_login, is_superuser, username, first_name, last_name, email, is_staff, is_active, date_joined) VALUES (133, 'pbkdf2_sha256$870000$bKMZRQcrIdddnKqsOUCkK5$fykrvJDay3bL+x6vaaNvaOt1CCIMDUaFHnTGQJVPDAA=', NULL, 0, 'patriciamuldong', '', '', 'patriciamuldong@gmail.com', 0, 1, '2025-10-09 16:11:51');
INSERT INTO auth_user (id, password, last_login, is_superuser, username, first_name, last_name, email, is_staff, is_active, date_joined) VALUES (134, 'pbkdf2_sha256$870000$Y0DfcJKp44dVswO6zr3OH4$c/o+cayH+SzN2w+poHJhUJJtMi8mUvjRmSC1ve/dAIQ=', NULL, 0, 'shanonticse', '', '', 'shanonticse@gmail.com', 0, 1, '2025-10-09 16:12:24');
INSERT INTO auth_user (id, password, last_login, is_superuser, username, first_name, last_name, email, is_staff, is_active, date_joined) VALUES (135, 'pbkdf2_sha256$870000$2io9FyreFQVAVaLThA5N9d$sPUXTSnTdquYaNbrFrFMrKh4xKWAa0YoT7HYGN+Dbfc=', '2025-10-29 02:19:25', 0, 'johnmarko', '', '', 'johnmarko@cca.edu.ph', 0, 1, '2025-10-29 02:18:05');
INSERT INTO auth_user (id, password, last_login, is_superuser, username, first_name, last_name, email, is_staff, is_active, date_joined) VALUES (136, 'pbkdf2_sha256$870000$shYl0BJfeJkqyGvKnKzSMj$3K6iYXE8BcldaWFGpn403ahRDv+UfZ7wIE6/2/GwI6k=', '2025-10-29 03:13:27', 0, 'markponce', '', '', 'markponce@cca.edu.ph', 0, 1, '2025-10-29 03:12:08');
INSERT INTO auth_user (id, password, last_login, is_superuser, username, first_name, last_name, email, is_staff, is_active, date_joined) VALUES (138, 'pbkdf2_sha256$870000$EApqDpaTbgRZYzqBHIVsSP$7tXUtBxi8a25Tpg/oU5qi7Tmh+OdQQB16rd+6M1dTmI=', '2025-10-29 03:57:48', 0, 'johnmark', '', '', 'johnmark@cca.edu.ph', 0, 1, '2025-10-29 03:56:42');
INSERT INTO auth_user (id, password, last_login, is_superuser, username, first_name, last_name, email, is_staff, is_active, date_joined) VALUES (166, 'pbkdf2_sha256$870000$zMiloqgIWGvRitTtLgzpi8$5O178i0XmMG3oLpAXsmdl1eFn1FCpNEOqNLS8HizKoo=', NULL, 0, 'froilanbaguio', '', '', 'froilanbaguio@cca.edu.ph', 0, 1, '2025-11-13 08:34:02');
INSERT INTO auth_user (id, password, last_login, is_superuser, username, first_name, last_name, email, is_staff, is_active, date_joined) VALUES (167, 'pbkdf2_sha256$870000$uiIox56HywYBQFUBEqMWB3$LXP7j+JBO1sfzDq9SRF2qr0hVlnBxK4JdL4gzBFXd6Q=', NULL, 0, 'jamesyabut', '', '', 'jamesyabut@cca.edu.ph', 0, 1, '2025-11-13 08:38:32');
INSERT INTO main_userprofile (id, user_id, display_name, role, studentnumber, course, section_id, institute, evaluation_failure_count, last_evaluation_failure_date, failure_alert_sent) VALUES (167, 167, 'James Bryan Yabut', 'Student', '21-1774', 'BSCS', 32, '', 0, NULL, 0);
INSERT INTO main_userprofile (id, user_id, display_name, role, studentnumber, course, section_id, institute, evaluation_failure_count, last_evaluation_failure_date, failure_alert_sent) VALUES (166, 166, 'Froilan Baguio', 'Student', '22-8123', 'BSCS', 32, '', 0, NULL, 0);
INSERT INTO main_userprofile (id, user_id, display_name, role, studentnumber, course, section_id, institute, evaluation_failure_count, last_evaluation_failure_date, failure_alert_sent) VALUES (125, 138, 'john mark', 'Student', '22-2131', 'BSCS', 32, '', 0, NULL, 0);
INSERT INTO main_userprofile (id, user_id, display_name, role, studentnumber, course, section_id, institute, evaluation_failure_count, last_evaluation_failure_date, failure_alert_sent) VALUES (123, 136, 'Mark Ponce', 'Student', '22-6700', 'BSCS', 32, '', 0, NULL, 0);
INSERT INTO main_userprofile (id, user_id, display_name, role, studentnumber, course, section_id, institute, evaluation_failure_count, last_evaluation_failure_date, failure_alert_sent) VALUES (122, 135, 'John Marko', 'Student', '22-7898', 'BSCS', 32, '', 0, NULL, 0);
INSERT INTO main_userprofile (id, user_id, display_name, role, studentnumber, course, section_id, institute, evaluation_failure_count, last_evaluation_failure_date, failure_alert_sent) VALUES (121, 134, 'Shanon Ticse', 'Faculty', '', '', NULL, 'IBM', 0, NULL, 0);
INSERT INTO main_userprofile (id, user_id, display_name, role, studentnumber, course, section_id, institute, evaluation_failure_count, last_evaluation_failure_date, failure_alert_sent) VALUES (120, 133, 'Patricia Muldong', 'Faculty', '', '', NULL, 'IBM', 0, NULL, 0);
INSERT INTO main_userprofile (id, user_id, display_name, role, studentnumber, course, section_id, institute, evaluation_failure_count, last_evaluation_failure_date, failure_alert_sent) VALUES (119, 132, 'Jonathan Tupaz', 'Coordinator', '', '', NULL, 'IBM', 0, NULL, 0);
INSERT INTO main_userprofile (id, user_id, display_name, role, studentnumber, course, section_id, institute, evaluation_failure_count, last_evaluation_failure_date, failure_alert_sent) VALUES (118, 131, 'Seth Rodrigo', 'Coordinator', '', '', NULL, 'IBM', 0, NULL, 0);
INSERT INTO main_userprofile (id, user_id, display_name, role, studentnumber, course, section_id, institute, evaluation_failure_count, last_evaluation_failure_date, failure_alert_sent) VALUES (117, 130, 'Paulo Madrigal', 'Dean', '', '', NULL, 'IBM', 0, NULL, 0);
INSERT INTO main_userprofile (id, user_id, display_name, role, studentnumber, course, section_id, institute, evaluation_failure_count, last_evaluation_failure_date, failure_alert_sent) VALUES (116, 129, 'Mark Sebastian', 'Dean', '', '', NULL, 'IBM', 0, NULL, 0);
INSERT INTO main_userprofile (id, user_id, display_name, role, studentnumber, course, section_id, institute, evaluation_failure_count, last_evaluation_failure_date, failure_alert_sent) VALUES (115, 128, 'Florian Mae Tubiera', 'Student', '22-0531', 'BSCS', 23, '', 0, NULL, 0);
INSERT INTO main_userprofile (id, user_id, display_name, role, studentnumber, course, section_id, institute, evaluation_failure_count, last_evaluation_failure_date, failure_alert_sent) VALUES (114, 127, 'Paul Sebastian Tegio', 'Student', '22-1324', 'BSCS', 23, '', 0, NULL, 0);
INSERT INTO main_userprofile (id, user_id, display_name, role, studentnumber, course, section_id, institute, evaluation_failure_count, last_evaluation_failure_date, failure_alert_sent) VALUES (113, 126, 'Ma. Christina Soriano', 'Student', '22-0615', 'BSCS', 23, '', 0, NULL, 0);
INSERT INTO main_userprofile (id, user_id, display_name, role, studentnumber, course, section_id, institute, evaluation_failure_count, last_evaluation_failure_date, failure_alert_sent) VALUES (112, 125, 'Rainer Sanchez', 'Student', '22-2234', 'BSCS', 23, '', 0, NULL, 0);
INSERT INTO main_userprofile (id, user_id, display_name, role, studentnumber, course, section_id, institute, evaluation_failure_count, last_evaluation_failure_date, failure_alert_sent) VALUES (111, 124, 'Anthony Planos', 'Student', '22-0551', 'BSCS', 32, '', 0, NULL, 0);
INSERT INTO main_userprofile (id, user_id, display_name, role, studentnumber, course, section_id, institute, evaluation_failure_count, last_evaluation_failure_date, failure_alert_sent) VALUES (110, 123, 'Jerold Oyando', 'Student', '22-1886', 'BSCS', 32, '', 0, NULL, 0);
INSERT INTO main_userprofile (id, user_id, display_name, role, studentnumber, course, section_id, institute, evaluation_failure_count, last_evaluation_failure_date, failure_alert_sent) VALUES (109, 122, 'Christopher Vienry Omania', 'Student', '22-0532', 'BSCS', 36, '', 0, NULL, 0);
INSERT INTO main_userprofile (id, user_id, display_name, role, studentnumber, course, section_id, institute, evaluation_failure_count, last_evaluation_failure_date, failure_alert_sent) VALUES (108, 121, 'Marlon Lorence Miranda', 'Student', '22-0633', 'BSCS', 36, '', 0, NULL, 0);
INSERT INTO main_userprofile (id, user_id, display_name, role, studentnumber, course, section_id, institute, evaluation_failure_count, last_evaluation_failure_date, failure_alert_sent) VALUES (107, 120, 'Christian Neil Mangalao', 'Student', '22-1351', 'BSCS', 36, '', 0, NULL, 0);
INSERT INTO main_userprofile (id, user_id, display_name, role, studentnumber, course, section_id, institute, evaluation_failure_count, last_evaluation_failure_date, failure_alert_sent) VALUES (106, 119, 'Lorence Mancenido', 'Student', '22-1903', 'BSCS', 36, '', 0, NULL, 0);
INSERT INTO main_userprofile (id, user_id, display_name, role, studentnumber, course, section_id, institute, evaluation_failure_count, last_evaluation_failure_date, failure_alert_sent) VALUES (104, 117, 'Clyde Sergio Lubat', 'Student', '22-2484', 'BSCS', 35, '', 0, NULL, 0);
INSERT INTO main_userprofile (id, user_id, display_name, role, studentnumber, course, section_id, institute, evaluation_failure_count, last_evaluation_failure_date, failure_alert_sent) VALUES (103, 116, 'Jimuel Lagman', 'Student', '22-1400', 'BSCS', 35, '', 0, NULL, 0);
INSERT INTO main_userprofile (id, user_id, display_name, role, studentnumber, course, section_id, institute, evaluation_failure_count, last_evaluation_failure_date, failure_alert_sent) VALUES (102, 115, 'Ian Lorence Ilao', 'Student', '22-2546', 'BSCS', 32, '', 0, NULL, 0);
INSERT INTO main_userprofile (id, user_id, display_name, role, studentnumber, course, section_id, institute, evaluation_failure_count, last_evaluation_failure_date, failure_alert_sent) VALUES (101, 114, 'Shamelle Adrianna Hay', 'Student', '22-1315', 'BSCS', 35, '', 0, NULL, 0);
INSERT INTO main_userprofile (id, user_id, display_name, role, studentnumber, course, section_id, institute, evaluation_failure_count, last_evaluation_failure_date, failure_alert_sent) VALUES (100, 113, 'Ruiz Gabriel Gaton', 'Student', '22-2242', 'BSCS', 34, '', 0, NULL, 0);
INSERT INTO main_userprofile (id, user_id, display_name, role, studentnumber, course, section_id, institute, evaluation_failure_count, last_evaluation_failure_date, failure_alert_sent) VALUES (99, 112, 'Precious Dian Flores', 'Student', '22-0507', 'BSCS', 35, '', 0, NULL, 0);
INSERT INTO main_userprofile (id, user_id, display_name, role, studentnumber, course, section_id, institute, evaluation_failure_count, last_evaluation_failure_date, failure_alert_sent) VALUES (98, 111, 'Fritz Andrei Diaz', 'Student', '22-0592', 'BSCS', 34, '', 0, NULL, 0);
INSERT INTO main_userprofile (id, user_id, display_name, role, studentnumber, course, section_id, institute, evaluation_failure_count, last_evaluation_failure_date, failure_alert_sent) VALUES (97, 110, 'Rafael David', 'Student', '22-1395', 'BSCS', 34, '', 0, NULL, 0);
INSERT INTO main_userprofile (id, user_id, display_name, role, studentnumber, course, section_id, institute, evaluation_failure_count, last_evaluation_failure_date, failure_alert_sent) VALUES (96, 109, 'Joward Claudio', 'Student', '22-1350', 'BSCS', 34, '', 0, NULL, 0);
INSERT INTO main_userprofile (id, user_id, display_name, role, studentnumber, course, section_id, institute, evaluation_failure_count, last_evaluation_failure_date, failure_alert_sent) VALUES (94, 107, 'John Mark Calalo', 'Student', '22-1667', 'BSCS', 1, '', 0, NULL, 0);
INSERT INTO main_userprofile (id, user_id, display_name, role, studentnumber, course, section_id, institute, evaluation_failure_count, last_evaluation_failure_date, failure_alert_sent) VALUES (93, 106, 'Sylvester James Bustos', 'Student', '22-0508', 'BSCS', 33, '', 0, NULL, 0);
INSERT INTO main_userprofile (id, user_id, display_name, role, studentnumber, course, section_id, institute, evaluation_failure_count, last_evaluation_failure_date, failure_alert_sent) VALUES (92, 105, 'Ibrahim Bilda', 'Student', '22-1342', 'BSCS', 33, '', 0, NULL, 0);
INSERT INTO main_userprofile (id, user_id, display_name, role, studentnumber, course, section_id, institute, evaluation_failure_count, last_evaluation_failure_date, failure_alert_sent) VALUES (91, 104, 'Paulina Micaela Batac', 'Student', '22-0582', 'BSCS', 33, '', 0, NULL, 0);
INSERT INTO main_userprofile (id, user_id, display_name, role, studentnumber, course, section_id, institute, evaluation_failure_count, last_evaluation_failure_date, failure_alert_sent) VALUES (89, 102, 'Racaela Alcibar', 'Student', '22-0588', 'BSCS', 33, '', 0, NULL, 0);
INSERT INTO main_userprofile (id, user_id, display_name, role, studentnumber, course, section_id, institute, evaluation_failure_count, last_evaluation_failure_date, failure_alert_sent) VALUES (88, 101, 'Manoy Abuque', 'Student', '22-2244', 'BSCS', 32, '', 0, NULL, 0);
INSERT INTO main_userprofile (id, user_id, display_name, role, studentnumber, course, section_id, institute, evaluation_failure_count, last_evaluation_failure_date, failure_alert_sent) VALUES (87, 100, 'Jovic Abique', 'Student', '21-1760', 'BSCS', 32, '', 0, NULL, 0);
INSERT INTO main_userprofile (id, user_id, display_name, role, studentnumber, course, section_id, institute, evaluation_failure_count, last_evaluation_failure_date, failure_alert_sent) VALUES (86, 99, 'Jhonrev Abanes', 'Student', '22-0500', 'BSCS', 32, '', 0, NULL, 0);
INSERT INTO main_userprofile (id, user_id, display_name, role, studentnumber, course, section_id, institute, evaluation_failure_count, last_evaluation_failure_date, failure_alert_sent) VALUES (85, 98, 'Aeron Dave Caligagan', 'Coordinator', '', '', NULL, 'IBM', 0, NULL, 0);
INSERT INTO main_userprofile (id, user_id, display_name, role, studentnumber, course, section_id, institute, evaluation_failure_count, last_evaluation_failure_date, failure_alert_sent) VALUES (82, 95, 'Alberto Reyes', 'Faculty', '', '', NULL, 'IBM', 0, NULL, 0);
INSERT INTO main_userprofile (id, user_id, display_name, role, studentnumber, course, section_id, institute, evaluation_failure_count, last_evaluation_failure_date, failure_alert_sent) VALUES (80, 93, 'Jade Puno', 'Dean', '', '', NULL, 'IBM', 0, NULL, 0);
INSERT INTO main_userprofile (id, user_id, display_name, role, studentnumber, course, section_id, institute, evaluation_failure_count, last_evaluation_failure_date, failure_alert_sent) VALUES (3, 13, '', 'Admin', '', '', NULL, '', 0, NULL, 0);
INSERT INTO main_userprofile (id, user_id, display_name, role, studentnumber, course, section_id, institute, evaluation_failure_count, last_evaluation_failure_date, failure_alert_sent) VALUES (1, 1, '', 'Admin', '', '', NULL, '', 0, NULL, 0);
INSERT INTO main_section (id, code, year_level) VALUES (1, 'C101', 1);
INSERT INTO main_section (id, code, year_level) VALUES (2, 'C102', 1);
INSERT INTO main_section (id, code, year_level) VALUES (3, 'C103', 1);
INSERT INTO main_section (id, code, year_level) VALUES (4, 'C104', 1);
INSERT INTO main_section (id, code, year_level) VALUES (5, 'C105', 1);
INSERT INTO main_section (id, code, year_level) VALUES (6, 'C106', 1);
INSERT INTO main_section (id, code, year_level) VALUES (7, 'C107', 1);
INSERT INTO main_section (id, code, year_level) VALUES (8, 'C108', 1);
INSERT INTO main_section (id, code, year_level) VALUES (9, 'C109', 1);
INSERT INTO main_section (id, code, year_level) VALUES (10, 'C201', 2);
INSERT INTO main_section (id, code, year_level) VALUES (11, 'C202', 2);
INSERT INTO main_section (id, code, year_level) VALUES (12, 'C203', 2);
INSERT INTO main_section (id, code, year_level) VALUES (13, 'C204', 2);
INSERT INTO main_section (id, code, year_level) VALUES (14, 'C205', 2);
INSERT INTO main_section (id, code, year_level) VALUES (15, 'C206', 2);
INSERT INTO main_section (id, code, year_level) VALUES (16, 'C207', 2);
INSERT INTO main_section (id, code, year_level) VALUES (17, 'C208', 2);
INSERT INTO main_section (id, code, year_level) VALUES (18, 'C209', 2);
INSERT INTO main_section (id, code, year_level) VALUES (19, 'C301', 3);
INSERT INTO main_section (id, code, year_level) VALUES (20, 'C302', 3);
INSERT INTO main_section (id, code, year_level) VALUES (21, 'C303', 3);
INSERT INTO main_section (id, code, year_level) VALUES (22, 'C304', 3);
INSERT INTO main_section (id, code, year_level) VALUES (23, 'C305', 3);
INSERT INTO main_section (id, code, year_level) VALUES (24, 'C306', 3);
INSERT INTO main_section (id, code, year_level) VALUES (25, 'C307', 3);
INSERT INTO main_section (id, code, year_level) VALUES (26, 'C308', 3);
INSERT INTO main_section (id, code, year_level) VALUES (27, 'C309', 3);
INSERT INTO main_section (id, code, year_level) VALUES (28, 'C401', 4);
INSERT INTO main_section (id, code, year_level) VALUES (29, 'C402', 4);
INSERT INTO main_section (id, code, year_level) VALUES (30, 'C403', 4);
INSERT INTO main_section (id, code, year_level) VALUES (31, 'C404', 4);
INSERT INTO main_section (id, code, year_level) VALUES (32, 'C405', 4);
INSERT INTO main_section (id, code, year_level) VALUES (33, 'C406', 4);
INSERT INTO main_section (id, code, year_level) VALUES (34, 'C407', 4);
INSERT INTO main_section (id, code, year_level) VALUES (35, 'C408', 4);
INSERT INTO main_section (id, code, year_level) VALUES (36, 'C409', 4);
INSERT INTO main_sectionassignment (id, user_id, section_id, role) VALUES (62, 93, 32, 'dean');
INSERT INTO main_sectionassignment (id, user_id, section_id, role) VALUES (65, 129, 32, 'dean');
INSERT INTO main_sectionassignment (id, user_id, section_id, role) VALUES (66, 98, 32, 'coordinator');
INSERT INTO main_sectionassignment (id, user_id, section_id, role) VALUES (67, 93, 1, 'dean');
INSERT INTO main_sectionassignment (id, user_id, section_id, role) VALUES (68, 93, 2, 'dean');
INSERT INTO main_sectionassignment (id, user_id, section_id, role) VALUES (69, 93, 3, 'dean');

SET FOREIGN_KEY_CHECKS=1;
