[{"model": "admin.logentry", "pk": 1, "fields": {"action_time": "2025-02-26T16:23:02.149Z", "user": 1, "content_type": 10, "object_id": "1", "object_repr": "UserProfile object (1)", "action_flag": 1, "change_message": "[{\"added\": {}}]"}}, {"model": "admin.logentry", "pk": 2, "fields": {"action_time": "2025-02-26T16:28:34.348Z", "user": 1, "content_type": 4, "object_id": "2", "object_repr": "jayme", "action_flag": 1, "change_message": "[{\"added\": {}}]"}}, {"model": "admin.logentry", "pk": 3, "fields": {"action_time": "2025-03-18T04:12:18.002Z", "user": 1, "content_type": 4, "object_id": "8", "object_repr": "zy", "action_flag": 3, "change_message": ""}}, {"model": "admin.logentry", "pk": 4, "fields": {"action_time": "2025-03-18T04:12:22.328Z", "user": 1, "content_type": 4, "object_id": "9", "object_repr": "naya", "action_flag": 3, "change_message": ""}}, {"model": "admin.logentry", "pk": 5, "fields": {"action_time": "2025-03-18T04:12:27.424Z", "user": 1, "content_type": 4, "object_id": "3", "object_repr": "junpark", "action_flag": 3, "change_message": ""}}, {"model": "admin.logentry", "pk": 6, "fields": {"action_time": "2025-03-18T04:12:31.325Z", "user": 1, "content_type": 4, "object_id": "2", "object_repr": "jayme", "action_flag": 3, "change_message": ""}}, {"model": "admin.logentry", "pk": 7, "fields": {"action_time": "2025-03-18T04:12:35.199Z", "user": 1, "content_type": 4, "object_id": "4", "object_repr": "jadee", "action_flag": 3, "change_message": ""}}, {"model": "admin.logentry", "pk": 8, "fields": {"action_time": "2025-03-18T04:12:39.064Z", "user": 1, "content_type": 4, "object_id": "7", "object_repr": "anthony", "action_flag": 3, "change_message": ""}}, {"model": "admin.logentry", "pk": 9, "fields": {"action_time": "2025-03-18T04:12:42.889Z", "user": 1, "content_type": 4, "object_id": "6", "object_repr": "albertoreyes", "action_flag": 3, "change_message": ""}}, {"model": "admin.logentry", "pk": 10, "fields": {"action_time": "2025-03-18T04:12:46.500Z", "user": 1, "content_type": 4, "object_id": "5", "object_repr": "alberto", "action_flag": 3, "change_message": ""}}, {"model": "admin.logentry", "pk": 11, "fields": {"action_time": "2025-03-19T00:40:54.983Z", "user": 1, "content_type": 4, "object_id": "10", "object_repr": "froi", "action_flag": 1, "change_message": "[{\"added\": {}}]"}}, {"model": "admin.logentry", "pk": 12, "fields": {"action_time": "2025-03-19T00:41:12.187Z", "user": 1, "content_type": 10, "object_id": "2", "object_repr": "UserProfile object (2)", "action_flag": 1, "change_message": "[{\"added\": {}}]"}}, {"model": "admin.logentry", "pk": 13, "fields": {"action_time": "2025-03-18T15:20:50.453Z", "user": 1, "content_type": 4, "object_id": "10", "object_repr": "froi", "action_flag": 2, "change_message": "[{\"changed\": {\"fields\": [\"Email address\"]}}]"}}, {"model": "admin.logentry", "pk": 14, "fields": {"action_time": "2025-03-19T06:35:15.032Z", "user": 1, "content_type": 10, "object_id": "3", "object_repr": "UserProfile object (3)", "action_flag": 1, "change_message": "[{\"added\": {}}]"}}, {"model": "admin.logentry", "pk": 15, "fields": {"action_time": "2025-03-19T08:06:12.556Z", "user": 1, "content_type": 4, "object_id": "10", "object_repr": "froi", "action_flag": 3, "change_message": ""}}, {"model": "admin.logentry", "pk": 16, "fields": {"action_time": "2025-03-19T09:54:56.877Z", "user": 1, "content_type": 4, "object_id": "15", "object_repr": "Johnpark", "action_flag": 3, "change_message": ""}}, {"model": "admin.logentry", "pk": 17, "fields": {"action_time": "2025-03-19T09:54:56.877Z", "user": 1, "content_type": 4, "object_id": "20", "object_repr": "Mrjames", "action_flag": 3, "change_message": ""}}, {"model": "admin.logentry", "pk": 18, "fields": {"action_time": "2025-03-19T09:54:56.877Z", "user": 1, "content_type": 4, "object_id": "16", "object_repr": "Mrjem", "action_flag": 3, "change_message": ""}}, {"model": "admin.logentry", "pk": 19, "fields": {"action_time": "2025-03-19T09:54:56.877Z", "user": 1, "content_type": 4, "object_id": "19", "object_repr": "Mrtonyo", "action_flag": 3, "change_message": ""}}, {"model": "admin.logentry", "pk": 20, "fields": {"action_time": "2025-03-19T09:54:56.877Z", "user": 1, "content_type": 4, "object_id": "18", "object_repr": "alberto", "action_flag": 3, "change_message": ""}}, {"model": "admin.logentry", "pk": 21, "fields": {"action_time": "2025-03-19T09:54:56.877Z", "user": 1, "content_type": 4, "object_id": "17", "object_repr": "jade", "action_flag": 3, "change_message": ""}}, {"model": "admin.logentry", "pk": 22, "fields": {"action_time": "2025-03-19T09:54:56.877Z", "user": 1, "content_type": 4, "object_id": "11", "object_repr": "jayme", "action_flag": 3, "change_message": ""}}, {"model": "admin.logentry", "pk": 23, "fields": {"action_time": "2025-03-19T09:54:56.877Z", "user": 1, "content_type": 4, "object_id": "14", "object_repr": "jayme1", "action_flag": 3, "change_message": ""}}, {"model": "admin.logentry", "pk": 24, "fields": {"action_time": "2025-03-19T09:54:56.877Z", "user": 1, "content_type": 4, "object_id": "12", "object_repr": "tonyo", "action_flag": 3, "change_message": ""}}, {"model": "admin.logentry", "pk": 25, "fields": {"action_time": "2025-04-04T17:56:13.918Z", "user": 1, "content_type": 4, "object_id": "43", "object_repr": "Ayvhin Haldos", "action_flag": 3, "change_message": ""}}, {"model": "admin.logentry", "pk": 26, "fields": {"action_time": "2025-04-04T17:56:13.918Z", "user": 1, "content_type": 4, "object_id": "47", "object_repr": "Dong Helaryuss", "action_flag": 3, "change_message": ""}}, {"model": "admin.logentry", "pk": 27, "fields": {"action_time": "2025-04-04T17:56:13.918Z", "user": 1, "content_type": 4, "object_id": "44", "object_repr": "Fil Gates", "action_flag": 3, "change_message": ""}}, {"model": "admin.logentry", "pk": 28, "fields": {"action_time": "2025-04-04T17:56:13.918Z", "user": 1, "content_type": 4, "object_id": "50", "object_repr": "Jerome Tupaz", "action_flag": 3, "change_message": ""}}, {"model": "admin.logentry", "pk": 29, "fields": {"action_time": "2025-04-04T17:56:13.918Z", "user": 1, "content_type": 4, "object_id": "42", "object_repr": "Mads Maxx", "action_flag": 3, "change_message": ""}}, {"model": "admin.logentry", "pk": 30, "fields": {"action_time": "2025-04-04T17:56:13.919Z", "user": 1, "content_type": 4, "object_id": "48", "object_repr": "Mark Tolentino", "action_flag": 3, "change_message": ""}}, {"model": "admin.logentry", "pk": 31, "fields": {"action_time": "2025-04-04T17:56:13.919Z", "user": 1, "content_type": 4, "object_id": "55", "object_repr": "Mrpark", "action_flag": 3, "change_message": ""}}, {"model": "admin.logentry", "pk": 32, "fields": {"action_time": "2025-04-04T17:56:13.919Z", "user": 1, "content_type": 4, "object_id": "40", "object_repr": "Naya Geronimo", "action_flag": 3, "change_message": ""}}, {"model": "admin.logentry", "pk": 33, "fields": {"action_time": "2025-04-09T07:33:51.001Z", "user": 1, "content_type": 8, "object_id": "1", "object_repr": "Evaluation by Anthony Planos on 2025-04-09 07:33:50.998627+00:00", "action_flag": 1, "change_message": "[{\"added\": {}}]"}}, {"model": "admin.logentry", "pk": 34, "fields": {"action_time": "2025-04-09T07:43:01.149Z", "user": 1, "content_type": 8, "object_id": "1", "object_repr": "Evaluation by Anthony Planos on 2025-04-09 07:33:50.998627+00:00", "action_flag": 3, "change_message": ""}}, {"model": "admin.logentry", "pk": 35, "fields": {"action_time": "2025-04-09T10:51:00.066Z", "user": 1, "content_type": 8, "object_id": "1", "object_repr": "Evaluation by Alberto Reyes on 2025-04-09 10:51:00.060398+00:00", "action_flag": 1, "change_message": "[{\"added\": {}}]"}}, {"model": "admin.logentry", "pk": 36, "fields": {"action_time": "2025-04-09T11:07:19.191Z", "user": 1, "content_type": 8, "object_id": "1", "object_repr": "Evaluation of Christian Bitu-onon by Alberto Reyes on 2025-04-09 10:51:00.060398+00:00", "action_flag": 3, "change_message": ""}}, {"model": "admin.logentry", "pk": 37, "fields": {"action_time": "2025-04-09T12:55:43.523Z", "user": 1, "content_type": 8, "object_id": "1", "object_repr": "Evaluation of Clark Caylao by Alberto Reyes on 2025-04-09 12:55:43.512605+00:00", "action_flag": 1, "change_message": "[{\"added\": {}}]"}}, {"model": "admin.logentry", "pk": 38, "fields": {"action_time": "2025-04-09T12:56:07.906Z", "user": 1, "content_type": 15, "object_id": "1", "object_repr": "How confident are you in their understanding of the subject matter?", "action_flag": 1, "change_message": "[{\"added\": {}}]"}}, {"model": "admin.logentry", "pk": 39, "fields": {"action_time": "2025-04-10T12:51:49.467Z", "user": 1, "content_type": 8, "object_id": "1", "object_repr": "Evaluation by Alberto Reyes on 2025-04-09 12:55:43.512605+00:00", "action_flag": 3, "change_message": ""}}, {"model": "admin.logentry", "pk": 40, "fields": {"action_time": "2025-04-10T17:03:50.199Z", "user": 1, "content_type": 8, "object_id": "1", "object_repr": "Evaluation by Admin on 2025-04-10 17:03:50.196680+00:00", "action_flag": 1, "change_message": "[{\"added\": {}}]"}}, {"model": "admin.logentry", "pk": 41, "fields": {"action_time": "2025-04-10T19:04:45.170Z", "user": 1, "content_type": 13, "object_id": "3", "object_repr": "Evaluation Response by Aeron Dave Caligagan: Excellent, Excellent, Excellent, Excellent, Excellent, Excellent, Excellent, Excellent, Excellent, Excellent, Excellent, Excellent, Excellent, Excellent, E", "action_flag": 3, "change_message": ""}}, {"model": "admin.logentry", "pk": 42, "fields": {"action_time": "2025-04-10T19:04:45.171Z", "user": 1, "content_type": 13, "object_id": "2", "object_repr": "Evaluation Response by Aeron Dave Caligagan: Excellent, Excellent, Excellent, Excellent, Excellent, Poor, Poor, Poor, Poor, Poor, Poor, Poor, Poor, Poor, Poor", "action_flag": 3, "change_message": ""}}, {"model": "admin.logentry", "pk": 43, "fields": {"action_time": "2025-04-10T19:04:45.171Z", "user": 1, "content_type": 13, "object_id": "1", "object_repr": "Evaluation Response by Christian Bitu-onon: Good, Good, Good, Good, Good, Poor, Poor, Poor, Poor, Poor, Poor, Poor, Poor, Poor, Poor", "action_flag": 3, "change_message": ""}}, {"model": "admin.logentry", "pk": 44, "fields": {"action_time": "2025-04-10T19:12:54.695Z", "user": 1, "content_type": 13, "object_id": "4", "object_repr": "Aeron Dave Caligagan's Evaluation", "action_flag": 3, "change_message": ""}}, {"model": "admin.logentry", "pk": 45, "fields": {"action_time": "2025-04-10T19:17:52.973Z", "user": 1, "content_type": 13, "object_id": "6", "object_repr": "Aeron Dave Caligagan's Evaluation", "action_flag": 3, "change_message": ""}}, {"model": "admin.logentry", "pk": 46, "fields": {"action_time": "2025-04-10T19:17:52.973Z", "user": 1, "content_type": 13, "object_id": "5", "object_repr": "Aeron Dave Caligagan's Evaluation", "action_flag": 3, "change_message": ""}}, {"model": "admin.logentry", "pk": 47, "fields": {"action_time": "2025-04-10T19:51:29.690Z", "user": 1, "content_type": 13, "object_id": "9", "object_repr": "Evaluation of  by :\nHow well did the instructor demonstrate knowledge of the subject?: Excellent\nWas the instructor able to explain complex concepts clearly?: Fair\nDid the instructor display expertise", "action_flag": 3, "change_message": ""}}, {"model": "admin.logentry", "pk": 48, "fields": {"action_time": "2025-04-10T19:51:29.690Z", "user": 1, "content_type": 13, "object_id": "8", "object_repr": "Evaluation of  by :\nHow well did the instructor demonstrate knowledge of the subject?: Fair\nWas the instructor able to explain complex concepts clearly?: Good\nDid the instructor display expertise in a", "action_flag": 3, "change_message": ""}}, {"model": "admin.logentry", "pk": 49, "fields": {"action_time": "2025-04-10T19:51:29.690Z", "user": 1, "content_type": 13, "object_id": "7", "object_repr": "Evaluation of  by :\nHow well did the instructor demonstrate knowledge of the subject?: Fair\nWas the instructor able to explain complex concepts clearly?: Good\nDid the instructor display expertise in a", "action_flag": 3, "change_message": ""}}, {"model": "admin.logentry", "pk": 50, "fields": {"action_time": "2025-04-10T20:03:16.285Z", "user": 1, "content_type": 13, "object_id": "10", "object_repr": "Aeron Dave Caligagan's Evaluation for Anthony Planos", "action_flag": 2, "change_message": "[{\"changed\": {\"fields\": [\"Question1\"]}}]"}}, {"model": "admin.logentry", "pk": 51, "fields": {"action_time": "2025-04-10T20:03:28.627Z", "user": 1, "content_type": 13, "object_id": "10", "object_repr": "Aeron Dave Caligagan's Evaluation for Anthony Planos", "action_flag": 2, "change_message": "[{\"changed\": {\"fields\": [\"Question1\"]}}]"}}, {"model": "admin.logentry", "pk": 52, "fields": {"action_time": "2025-04-10T20:12:22.706Z", "user": 1, "content_type": 13, "object_id": "10", "object_repr": "Aeron Dave Caligagan's Evaluation for Anthony Planos", "action_flag": 3, "change_message": ""}}, {"model": "admin.logentry", "pk": 53, "fields": {"action_time": "2025-04-12T06:24:12.776Z", "user": 1, "content_type": 13, "object_id": "12", "object_repr": "Aeron Dave Caligagan's Evaluation for Alberto Reyes", "action_flag": 3, "change_message": ""}}, {"model": "admin.logentry", "pk": 54, "fields": {"action_time": "2025-04-12T10:35:23.398Z", "user": 1, "content_type": 8, "object_id": "2", "object_repr": "Evaluation object (2)", "action_flag": 1, "change_message": "[{\"added\": {}}]"}}, {"model": "admin.logentry", "pk": 55, "fields": {"action_time": "2025-04-12T10:35:33.729Z", "user": 1, "content_type": 8, "object_id": "3", "object_repr": "Evaluation object (3)", "action_flag": 1, "change_message": "[{\"added\": {}}]"}}, {"model": "admin.logentry", "pk": 56, "fields": {"action_time": "2025-04-12T10:36:07.655Z", "user": 1, "content_type": 8, "object_id": "4", "object_repr": "Evaluation object (4)", "action_flag": 1, "change_message": "[{\"added\": {}}]"}}, {"model": "admin.logentry", "pk": 57, "fields": {"action_time": "2025-04-12T10:39:46.754Z", "user": 1, "content_type": 8, "object_id": "2", "object_repr": "Evaluation object (2)", "action_flag": 3, "change_message": ""}}, {"model": "admin.logentry", "pk": 58, "fields": {"action_time": "2025-04-12T10:39:46.755Z", "user": 1, "content_type": 8, "object_id": "1", "object_repr": "Evaluation object (1)", "action_flag": 3, "change_message": ""}}, {"model": "admin.logentry", "pk": 59, "fields": {"action_time": "2025-04-12T10:40:04.313Z", "user": 1, "content_type": 8, "object_id": "3", "object_repr": "Evaluation object (3)", "action_flag": 3, "change_message": ""}}, {"model": "admin.logentry", "pk": 60, "fields": {"action_time": "2025-04-12T10:40:17.318Z", "user": 1, "content_type": 8, "object_id": "5", "object_repr": "Evaluation object (5)", "action_flag": 1, "change_message": "[{\"added\": {}}]"}}, {"model": "admin.logentry", "pk": 61, "fields": {"action_time": "2025-04-12T12:15:10.674Z", "user": 1, "content_type": 13, "object_id": "24", "object_repr": "Jade Puno's Evaluation for Anthony Planos", "action_flag": 3, "change_message": ""}}, {"model": "admin.logentry", "pk": 62, "fields": {"action_time": "2025-04-12T12:15:10.674Z", "user": 1, "content_type": 13, "object_id": "23", "object_repr": "Jade Puno's Evaluation for Anthony Planos", "action_flag": 3, "change_message": ""}}, {"model": "admin.logentry", "pk": 63, "fields": {"action_time": "2025-04-12T12:15:10.674Z", "user": 1, "content_type": 13, "object_id": "22", "object_repr": "Jade Puno's Evaluation for Anthony Planos", "action_flag": 3, "change_message": ""}}, {"model": "admin.logentry", "pk": 64, "fields": {"action_time": "2025-04-12T12:15:10.674Z", "user": 1, "content_type": 13, "object_id": "21", "object_repr": "James Bryan Yabut's Evaluation for Anthony Planos", "action_flag": 3, "change_message": ""}}, {"model": "admin.logentry", "pk": 65, "fields": {"action_time": "2025-04-12T12:15:10.675Z", "user": 1, "content_type": 13, "object_id": "20", "object_repr": "Jade Puno's Evaluation for Anthony Planos", "action_flag": 3, "change_message": ""}}, {"model": "admin.logentry", "pk": 66, "fields": {"action_time": "2025-04-12T12:15:10.675Z", "user": 1, "content_type": 13, "object_id": "19", "object_repr": "Jade Puno's Evaluation for Anthony Planos", "action_flag": 3, "change_message": ""}}, {"model": "admin.logentry", "pk": 67, "fields": {"action_time": "2025-04-12T12:15:10.675Z", "user": 1, "content_type": 13, "object_id": "18", "object_repr": "James Bryan Yabut's Evaluation for Alberto Reyes", "action_flag": 3, "change_message": ""}}, {"model": "admin.logentry", "pk": 68, "fields": {"action_time": "2025-04-12T12:15:10.675Z", "user": 1, "content_type": 13, "object_id": "17", "object_repr": "Alberto Reyes's Evaluation for Ela Alcibar", "action_flag": 3, "change_message": ""}}, {"model": "admin.logentry", "pk": 69, "fields": {"action_time": "2025-04-12T12:15:10.675Z", "user": 1, "content_type": 13, "object_id": "16", "object_repr": "Aeron Dave Caligagan's Evaluation for Alberto Reyes", "action_flag": 3, "change_message": ""}}, {"model": "admin.logentry", "pk": 70, "fields": {"action_time": "2025-04-12T12:15:10.675Z", "user": 1, "content_type": 13, "object_id": "15", "object_repr": "Aeron Dave Caligagan's Evaluation for James Bryan Yabut", "action_flag": 3, "change_message": ""}}, {"model": "admin.logentry", "pk": 71, "fields": {"action_time": "2025-04-12T12:15:10.675Z", "user": 1, "content_type": 13, "object_id": "14", "object_repr": "Froilan Baguio's Evaluation for James Bryan Yabut", "action_flag": 3, "change_message": ""}}, {"model": "admin.logentry", "pk": 72, "fields": {"action_time": "2025-04-12T12:15:10.675Z", "user": 1, "content_type": 13, "object_id": "13", "object_repr": "Jade Puno's Evaluation for Anthony Planos", "action_flag": 3, "change_message": ""}}, {"model": "admin.logentry", "pk": 73, "fields": {"action_time": "2025-04-12T12:15:10.675Z", "user": 1, "content_type": 13, "object_id": "11", "object_repr": "Aeron Dave Caligagan's Evaluation for Anthony Planos", "action_flag": 3, "change_message": ""}}, {"model": "admin.logentry", "pk": 74, "fields": {"action_time": "2025-04-12T16:33:06.717Z", "user": 1, "content_type": 13, "object_id": "26", "object_repr": "Jade Puno's Evaluation for Anthony Planos", "action_flag": 3, "change_message": ""}}, {"model": "admin.logentry", "pk": 75, "fields": {"action_time": "2025-04-12T16:33:06.717Z", "user": 1, "content_type": 13, "object_id": "25", "object_repr": "Jade Puno's Evaluation for Anthony Planos", "action_flag": 3, "change_message": ""}}, {"model": "admin.logentry", "pk": 76, "fields": {"action_time": "2025-04-13T08:42:32.675Z", "user": 1, "content_type": 13, "object_id": "30", "object_repr": "Jade Puno's Evaluation for Anthony Planos", "action_flag": 3, "change_message": ""}}, {"model": "admin.logentry", "pk": 77, "fields": {"action_time": "2025-04-13T08:42:32.675Z", "user": 1, "content_type": 13, "object_id": "29", "object_repr": "Jade Puno's Evaluation for Alberto Reyes", "action_flag": 3, "change_message": ""}}, {"model": "admin.logentry", "pk": 78, "fields": {"action_time": "2025-04-13T08:42:32.675Z", "user": 1, "content_type": 13, "object_id": "28", "object_repr": "Jimuel Lagman's Evaluation for Jade Puno", "action_flag": 3, "change_message": ""}}, {"model": "admin.logentry", "pk": 79, "fields": {"action_time": "2025-04-13T08:42:32.675Z", "user": 1, "content_type": 13, "object_id": "27", "object_repr": "Jimuel Lagman's Evaluation for Anthony Planos", "action_flag": 3, "change_message": ""}}, {"model": "admin.logentry", "pk": 80, "fields": {"action_time": "2025-04-13T10:25:18.631Z", "user": 1, "content_type": 13, "object_id": "33", "object_repr": "Jade Puno's Evaluation for Alberto Reyes", "action_flag": 3, "change_message": ""}}, {"model": "admin.logentry", "pk": 81, "fields": {"action_time": "2025-04-13T10:25:18.631Z", "user": 1, "content_type": 13, "object_id": "32", "object_repr": "Jade Puno's Evaluation for Anthony Planos", "action_flag": 3, "change_message": ""}}, {"model": "admin.logentry", "pk": 82, "fields": {"action_time": "2025-04-13T10:25:18.631Z", "user": 1, "content_type": 13, "object_id": "31", "object_repr": "Alberto Reyes's Evaluation for Anthony Planos", "action_flag": 3, "change_message": ""}}, {"model": "admin.logentry", "pk": 83, "fields": {"action_time": "2025-04-14T00:34:41.922Z", "user": 1, "content_type": 13, "object_id": "35", "object_repr": "Jade Puno's Evaluation for Anthony Planos", "action_flag": 3, "change_message": ""}}, {"model": "admin.logentry", "pk": 84, "fields": {"action_time": "2025-04-15T15:18:51.141Z", "user": 1, "content_type": 13, "object_id": "39", "object_repr": "Aeron Dave Caligagan's Evaluation for James Bryan Yabut", "action_flag": 3, "change_message": ""}}, {"model": "admin.logentry", "pk": 85, "fields": {"action_time": "2025-04-15T15:18:51.141Z", "user": 1, "content_type": 13, "object_id": "38", "object_repr": "Aeron Dave Caligagan's Evaluation for Froilan Baguio", "action_flag": 3, "change_message": ""}}, {"model": "admin.logentry", "pk": 86, "fields": {"action_time": "2025-04-15T15:18:51.143Z", "user": 1, "content_type": 13, "object_id": "37", "object_repr": "Jade Puno's Evaluation for Alberto Reyes", "action_flag": 3, "change_message": ""}}, {"model": "admin.logentry", "pk": 87, "fields": {"action_time": "2025-04-15T15:18:51.143Z", "user": 1, "content_type": 13, "object_id": "36", "object_repr": "Jade Puno's Evaluation for Anthony Planos", "action_flag": 3, "change_message": ""}}, {"model": "admin.logentry", "pk": 88, "fields": {"action_time": "2025-04-15T15:27:18.000Z", "user": 1, "content_type": 13, "object_id": "40", "object_repr": "Jade Puno's Evaluation for Anthony Planos", "action_flag": 3, "change_message": ""}}, {"model": "admin.logentry", "pk": 89, "fields": {"action_time": "2025-04-15T15:29:09.425Z", "user": 1, "content_type": 13, "object_id": "41", "object_repr": "Aeron Dave Caligagan's Evaluation for Anthony Planos", "action_flag": 3, "change_message": ""}}, {"model": "admin.logentry", "pk": 90, "fields": {"action_time": "2025-04-15T15:42:05.175Z", "user": 1, "content_type": 13, "object_id": "42", "object_repr": "Aeron Dave Caligagan's Evaluation for Anthony Planos", "action_flag": 3, "change_message": ""}}, {"model": "admin.logentry", "pk": 91, "fields": {"action_time": "2025-04-15T15:47:31.519Z", "user": 1, "content_type": 13, "object_id": "43", "object_repr": "Aeron Dave Caligagan's Evaluation for Anthony Planos", "action_flag": 3, "change_message": ""}}, {"model": "admin.logentry", "pk": 92, "fields": {"action_time": "2025-04-20T09:46:30.861Z", "user": 1, "content_type": 13, "object_id": "44", "object_repr": "Aeron Dave Caligagan's Evaluation for Anthony Planos", "action_flag": 3, "change_message": ""}}, {"model": "admin.logentry", "pk": 93, "fields": {"action_time": "2025-04-20T10:31:55.843Z", "user": 1, "content_type": 13, "object_id": "45", "object_repr": "Aeron Dave Caligagan's Evaluation for Anthony Planos", "action_flag": 3, "change_message": ""}}, {"model": "admin.logentry", "pk": 94, "fields": {"action_time": "2025-04-20T11:13:18.776Z", "user": 1, "content_type": 13, "object_id": "47", "object_repr": "Jade Puno's Evaluation for Anthony Planos", "action_flag": 3, "change_message": ""}}, {"model": "admin.logentry", "pk": 95, "fields": {"action_time": "2025-04-20T11:16:11.073Z", "user": 1, "content_type": 13, "object_id": "49", "object_repr": "Jimuel Lagman's Evaluation for Anthony Planos", "action_flag": 3, "change_message": ""}}, {"model": "admin.logentry", "pk": 96, "fields": {"action_time": "2025-04-20T11:16:11.073Z", "user": 1, "content_type": 13, "object_id": "48", "object_repr": "Rainer Sanchez's Evaluation for Anthony Planos", "action_flag": 3, "change_message": ""}}, {"model": "admin.logentry", "pk": 97, "fields": {"action_time": "2025-04-20T11:21:43.633Z", "user": 1, "content_type": 13, "object_id": "50", "object_repr": "Jimuel Lagman's Evaluation for Anthony Planos", "action_flag": 3, "change_message": ""}}, {"model": "admin.logentry", "pk": 98, "fields": {"action_time": "2025-04-20T11:21:43.633Z", "user": 1, "content_type": 13, "object_id": "46", "object_repr": "Aeron Dave Caligagan's Evaluation for Anthony Planos", "action_flag": 3, "change_message": ""}}, {"model": "admin.logentry", "pk": 99, "fields": {"action_time": "2025-04-20T11:23:15.255Z", "user": 1, "content_type": 13, "object_id": "51", "object_repr": "Aeron Dave Caligagan's Evaluation for Anthony Planos", "action_flag": 3, "change_message": ""}}, {"model": "admin.logentry", "pk": 100, "fields": {"action_time": "2025-04-20T11:42:35.675Z", "user": 1, "content_type": 13, "object_id": "52", "object_repr": "Aeron Dave Caligagan's Evaluation for Anthony Planos", "action_flag": 3, "change_message": ""}}, {"model": "admin.logentry", "pk": 101, "fields": {"action_time": "2025-04-20T11:57:13.449Z", "user": 1, "content_type": 13, "object_id": "53", "object_repr": "Jimuel Lagman's Evaluation for Anthony Planos", "action_flag": 3, "change_message": ""}}, {"model": "admin.logentry", "pk": 102, "fields": {"action_time": "2025-04-20T12:08:45.510Z", "user": 1, "content_type": 13, "object_id": "54", "object_repr": "Aeron Dave Caligagan's Evaluation for Anthony Planos", "action_flag": 3, "change_message": ""}}, {"model": "admin.logentry", "pk": 103, "fields": {"action_time": "2025-04-20T15:00:46.986Z", "user": 1, "content_type": 13, "object_id": "58", "object_repr": "Ian Ilao's Evaluation for Anthony Planos", "action_flag": 3, "change_message": ""}}, {"model": "admin.logentry", "pk": 104, "fields": {"action_time": "2025-04-20T15:00:46.986Z", "user": 1, "content_type": 13, "object_id": "57", "object_repr": "Jimuel Lagman's Evaluation for Anthony Planos", "action_flag": 3, "change_message": ""}}, {"model": "admin.logentry", "pk": 105, "fields": {"action_time": "2025-04-20T15:00:46.986Z", "user": 1, "content_type": 13, "object_id": "56", "object_repr": "Aeron Dave Caligagan's Evaluation for Anthony Planos", "action_flag": 3, "change_message": ""}}, {"model": "admin.logentry", "pk": 106, "fields": {"action_time": "2025-04-20T15:00:46.986Z", "user": 1, "content_type": 13, "object_id": "55", "object_repr": "Rainer Sanchez's Evaluation for Anthony Planos", "action_flag": 3, "change_message": ""}}, {"model": "admin.logentry", "pk": 107, "fields": {"action_time": "2025-04-21T00:43:29.871Z", "user": 1, "content_type": 13, "object_id": "60", "object_repr": "Jade Puno's Evaluation for Anthony Planos", "action_flag": 3, "change_message": ""}}, {"model": "admin.logentry", "pk": 108, "fields": {"action_time": "2025-04-21T00:43:29.871Z", "user": 1, "content_type": 13, "object_id": "59", "object_repr": "Aeron Dave Caligagan's Evaluation for Anthony Planos", "action_flag": 3, "change_message": ""}}, {"model": "admin.logentry", "pk": 109, "fields": {"action_time": "2025-04-21T05:11:00.555Z", "user": 1, "content_type": 13, "object_id": "62", "object_repr": "Aeron Dave Caligagan's Evaluation for Anthony Planos", "action_flag": 3, "change_message": ""}}, {"model": "admin.logentry", "pk": 110, "fields": {"action_time": "2025-04-21T05:11:00.555Z", "user": 1, "content_type": 13, "object_id": "61", "object_repr": "Aeron Dave Caligagan's Evaluation for Alberto Reyes", "action_flag": 3, "change_message": ""}}, {"model": "admin.logentry", "pk": 111, "fields": {"action_time": "2025-04-21T05:49:15.428Z", "user": 1, "content_type": 13, "object_id": "63", "object_repr": "Aeron Dave Caligagan's Evaluation for Anthony Planos", "action_flag": 3, "change_message": ""}}, {"model": "admin.logentry", "pk": 112, "fields": {"action_time": "2025-09-25T14:23:58.886Z", "user": 1, "content_type": 13, "object_id": "64", "object_repr": "Aeron Dave Caligagan's Evaluation for Anthony Planos", "action_flag": 3, "change_message": ""}}, {"model": "admin.logentry", "pk": 113, "fields": {"action_time": "2025-09-26T12:30:35.817Z", "user": 1, "content_type": 17, "object_id": "1", "object_repr": "C101 (1st Year)", "action_flag": 1, "change_message": "[{\"added\": {}}]"}}, {"model": "admin.logentry", "pk": 114, "fields": {"action_time": "2025-09-26T12:31:28.310Z", "user": 1, "content_type": 17, "object_id": "2", "object_repr": "C102 (1st Year)", "action_flag": 1, "change_message": "[{\"added\": {}}]"}}, {"model": "admin.logentry", "pk": 115, "fields": {"action_time": "2025-09-26T12:31:37.772Z", "user": 1, "content_type": 17, "object_id": "3", "object_repr": "C103 (1st Year)", "action_flag": 1, "change_message": "[{\"added\": {}}]"}}, {"model": "admin.logentry", "pk": 116, "fields": {"action_time": "2025-09-26T12:31:41.880Z", "user": 1, "content_type": 17, "object_id": "3", "object_repr": "C104 (1st Year)", "action_flag": 2, "change_message": "[{\"changed\": {\"fields\": [\"Code\"]}}]"}}, {"model": "admin.logentry", "pk": 117, "fields": {"action_time": "2025-09-26T12:31:44.177Z", "user": 1, "content_type": 17, "object_id": "3", "object_repr": "C105 (1st Year)", "action_flag": 2, "change_message": "[{\"changed\": {\"fields\": [\"Code\"]}}]"}}, {"model": "admin.logentry", "pk": 118, "fields": {"action_time": "2025-09-26T12:31:46.604Z", "user": 1, "content_type": 17, "object_id": "3", "object_repr": "C106 (1st Year)", "action_flag": 2, "change_message": "[{\"changed\": {\"fields\": [\"Code\"]}}]"}}, {"model": "admin.logentry", "pk": 119, "fields": {"action_time": "2025-09-26T12:31:48.992Z", "user": 1, "content_type": 17, "object_id": "3", "object_repr": "C107 (1st Year)", "action_flag": 2, "change_message": "[{\"changed\": {\"fields\": [\"Code\"]}}]"}}, {"model": "admin.logentry", "pk": 120, "fields": {"action_time": "2025-09-26T12:31:51.553Z", "user": 1, "content_type": 17, "object_id": "3", "object_repr": "C108 (1st Year)", "action_flag": 2, "change_message": "[{\"changed\": {\"fields\": [\"Code\"]}}]"}}, {"model": "admin.logentry", "pk": 121, "fields": {"action_time": "2025-09-26T12:31:54.079Z", "user": 1, "content_type": 17, "object_id": "3", "object_repr": "C109 (1st Year)", "action_flag": 2, "change_message": "[{\"changed\": {\"fields\": [\"Code\"]}}]"}}, {"model": "admin.logentry", "pk": 122, "fields": {"action_time": "2025-09-26T12:51:48.238Z", "user": 1, "content_type": 17, "object_id": "3", "object_repr": "C103 (1st Year)", "action_flag": 2, "change_message": "[{\"changed\": {\"fields\": [\"Code\"]}}]"}}, {"model": "admin.logentry", "pk": 123, "fields": {"action_time": "2025-09-26T12:51:56.785Z", "user": 1, "content_type": 17, "object_id": "4", "object_repr": "C104 (1st Year)", "action_flag": 1, "change_message": "[{\"added\": {}}]"}}, {"model": "admin.logentry", "pk": 124, "fields": {"action_time": "2025-09-26T12:52:01.837Z", "user": 1, "content_type": 17, "object_id": "5", "object_repr": "C105 (1st Year)", "action_flag": 1, "change_message": "[{\"added\": {}}]"}}, {"model": "admin.logentry", "pk": 125, "fields": {"action_time": "2025-09-26T12:52:06.652Z", "user": 1, "content_type": 17, "object_id": "6", "object_repr": "C106 (1st Year)", "action_flag": 1, "change_message": "[{\"added\": {}}]"}}, {"model": "admin.logentry", "pk": 126, "fields": {"action_time": "2025-09-26T12:52:10.838Z", "user": 1, "content_type": 17, "object_id": "7", "object_repr": "C107 (1st Year)", "action_flag": 1, "change_message": "[{\"added\": {}}]"}}, {"model": "admin.logentry", "pk": 127, "fields": {"action_time": "2025-09-26T12:52:15.318Z", "user": 1, "content_type": 17, "object_id": "8", "object_repr": "C108 (1st Year)", "action_flag": 1, "change_message": "[{\"added\": {}}]"}}, {"model": "admin.logentry", "pk": 128, "fields": {"action_time": "2025-09-26T12:52:19.851Z", "user": 1, "content_type": 17, "object_id": "9", "object_repr": "C109 (1st Year)", "action_flag": 1, "change_message": "[{\"added\": {}}]"}}, {"model": "admin.logentry", "pk": 129, "fields": {"action_time": "2025-09-26T12:52:23.621Z", "user": 1, "content_type": 17, "object_id": "10", "object_repr": "C201 (2nd Year)", "action_flag": 1, "change_message": "[{\"added\": {}}]"}}, {"model": "admin.logentry", "pk": 130, "fields": {"action_time": "2025-09-26T12:52:29.466Z", "user": 1, "content_type": 17, "object_id": "11", "object_repr": "C202 (2nd Year)", "action_flag": 1, "change_message": "[{\"added\": {}}]"}}, {"model": "admin.logentry", "pk": 131, "fields": {"action_time": "2025-09-26T12:52:34.966Z", "user": 1, "content_type": 17, "object_id": "12", "object_repr": "C203 (2nd Year)", "action_flag": 1, "change_message": "[{\"added\": {}}]"}}, {"model": "admin.logentry", "pk": 132, "fields": {"action_time": "2025-09-26T12:52:39.071Z", "user": 1, "content_type": 17, "object_id": "13", "object_repr": "C204 (2nd Year)", "action_flag": 1, "change_message": "[{\"added\": {}}]"}}, {"model": "admin.logentry", "pk": 133, "fields": {"action_time": "2025-09-26T12:52:43.520Z", "user": 1, "content_type": 17, "object_id": "14", "object_repr": "C205 (2nd Year)", "action_flag": 1, "change_message": "[{\"added\": {}}]"}}, {"model": "admin.logentry", "pk": 134, "fields": {"action_time": "2025-09-26T12:52:47.693Z", "user": 1, "content_type": 17, "object_id": "15", "object_repr": "C206 (2nd Year)", "action_flag": 1, "change_message": "[{\"added\": {}}]"}}, {"model": "admin.logentry", "pk": 135, "fields": {"action_time": "2025-09-26T12:52:51.569Z", "user": 1, "content_type": 17, "object_id": "16", "object_repr": "C207 (2nd Year)", "action_flag": 1, "change_message": "[{\"added\": {}}]"}}, {"model": "admin.logentry", "pk": 136, "fields": {"action_time": "2025-09-26T12:52:57.572Z", "user": 1, "content_type": 17, "object_id": "17", "object_repr": "C208 (2nd Year)", "action_flag": 1, "change_message": "[{\"added\": {}}]"}}, {"model": "admin.logentry", "pk": 137, "fields": {"action_time": "2025-09-26T12:53:02.214Z", "user": 1, "content_type": 17, "object_id": "18", "object_repr": "C209 (2nd Year)", "action_flag": 1, "change_message": "[{\"added\": {}}]"}}, {"model": "admin.logentry", "pk": 138, "fields": {"action_time": "2025-09-26T12:53:06.218Z", "user": 1, "content_type": 17, "object_id": "19", "object_repr": "C301 (3rd Year)", "action_flag": 1, "change_message": "[{\"added\": {}}]"}}, {"model": "admin.logentry", "pk": 139, "fields": {"action_time": "2025-09-26T12:53:10.198Z", "user": 1, "content_type": 17, "object_id": "20", "object_repr": "C302 (3rd Year)", "action_flag": 1, "change_message": "[{\"added\": {}}]"}}, {"model": "admin.logentry", "pk": 140, "fields": {"action_time": "2025-09-26T12:53:13.878Z", "user": 1, "content_type": 17, "object_id": "21", "object_repr": "C303 (3rd Year)", "action_flag": 1, "change_message": "[{\"added\": {}}]"}}, {"model": "admin.logentry", "pk": 141, "fields": {"action_time": "2025-09-26T12:53:18.622Z", "user": 1, "content_type": 17, "object_id": "22", "object_repr": "C304 (3rd Year)", "action_flag": 1, "change_message": "[{\"added\": {}}]"}}, {"model": "admin.logentry", "pk": 142, "fields": {"action_time": "2025-09-26T12:53:23.595Z", "user": 1, "content_type": 17, "object_id": "23", "object_repr": "C305 (3rd Year)", "action_flag": 1, "change_message": "[{\"added\": {}}]"}}, {"model": "admin.logentry", "pk": 143, "fields": {"action_time": "2025-09-26T12:53:27.845Z", "user": 1, "content_type": 17, "object_id": "24", "object_repr": "C306 (3rd Year)", "action_flag": 1, "change_message": "[{\"added\": {}}]"}}, {"model": "admin.logentry", "pk": 144, "fields": {"action_time": "2025-09-26T12:53:31.812Z", "user": 1, "content_type": 17, "object_id": "25", "object_repr": "C307 (3rd Year)", "action_flag": 1, "change_message": "[{\"added\": {}}]"}}, {"model": "admin.logentry", "pk": 145, "fields": {"action_time": "2025-09-26T12:53:36.558Z", "user": 1, "content_type": 17, "object_id": "26", "object_repr": "C308 (3rd Year)", "action_flag": 1, "change_message": "[{\"added\": {}}]"}}, {"model": "admin.logentry", "pk": 146, "fields": {"action_time": "2025-09-26T12:53:40.562Z", "user": 1, "content_type": 17, "object_id": "27", "object_repr": "C309 (3rd Year)", "action_flag": 1, "change_message": "[{\"added\": {}}]"}}, {"model": "admin.logentry", "pk": 147, "fields": {"action_time": "2025-09-26T12:53:47.056Z", "user": 1, "content_type": 17, "object_id": "28", "object_repr": "C401 (4th Year)", "action_flag": 1, "change_message": "[{\"added\": {}}]"}}, {"model": "admin.logentry", "pk": 148, "fields": {"action_time": "2025-09-26T12:53:54.294Z", "user": 1, "content_type": 17, "object_id": "29", "object_repr": "C402 (4th Year)", "action_flag": 1, "change_message": "[{\"added\": {}}]"}}, {"model": "admin.logentry", "pk": 149, "fields": {"action_time": "2025-09-26T12:53:59.869Z", "user": 1, "content_type": 17, "object_id": "30", "object_repr": "C403 (4th Year)", "action_flag": 1, "change_message": "[{\"added\": {}}]"}}, {"model": "admin.logentry", "pk": 150, "fields": {"action_time": "2025-09-26T12:54:03.967Z", "user": 1, "content_type": 17, "object_id": "31", "object_repr": "C404 (4th Year)", "action_flag": 1, "change_message": "[{\"added\": {}}]"}}, {"model": "admin.logentry", "pk": 151, "fields": {"action_time": "2025-09-26T12:54:08.646Z", "user": 1, "content_type": 17, "object_id": "32", "object_repr": "C405 (4th Year)", "action_flag": 1, "change_message": "[{\"added\": {}}]"}}, {"model": "admin.logentry", "pk": 152, "fields": {"action_time": "2025-09-26T12:54:13.562Z", "user": 1, "content_type": 17, "object_id": "33", "object_repr": "C406 (4th Year)", "action_flag": 1, "change_message": "[{\"added\": {}}]"}}, {"model": "admin.logentry", "pk": 153, "fields": {"action_time": "2025-09-26T12:54:17.447Z", "user": 1, "content_type": 17, "object_id": "34", "object_repr": "C407 (4th Year)", "action_flag": 1, "change_message": "[{\"added\": {}}]"}}, {"model": "admin.logentry", "pk": 154, "fields": {"action_time": "2025-09-26T12:54:23.178Z", "user": 1, "content_type": 17, "object_id": "35", "object_repr": "C408 (4th Year)", "action_flag": 1, "change_message": "[{\"added\": {}}]"}}, {"model": "admin.logentry", "pk": 155, "fields": {"action_time": "2025-09-26T12:54:27.847Z", "user": 1, "content_type": 17, "object_id": "36", "object_repr": "C409 (4th Year)", "action_flag": 1, "change_message": "[{\"added\": {}}]"}}, {"model": "admin.logentry", "pk": 156, "fields": {"action_time": "2025-10-01T09:10:34.517Z", "user": 1, "content_type": 10, "object_id": "57", "object_repr": "Alberto Reyes (Faculty)", "action_flag": 2, "change_message": "[]"}}, {"model": "admin.logentry", "pk": 157, "fields": {"action_time": "2025-10-02T09:31:43.847Z", "user": 1, "content_type": 19, "object_id": "11", "object_repr": "James Bryan Yabut → C106 (coordinator)", "action_flag": 3, "change_message": ""}}, {"model": "admin.logentry", "pk": 158, "fields": {"action_time": "2025-10-02T09:31:43.847Z", "user": 1, "content_type": 19, "object_id": "10", "object_repr": "Johnrev Abanes → C409 (faculty)", "action_flag": 3, "change_message": ""}}, {"model": "admin.logentry", "pk": 159, "fields": {"action_time": "2025-10-02T09:31:43.847Z", "user": 1, "content_type": 19, "object_id": "9", "object_repr": "Anthony Planos → C101 ()", "action_flag": 3, "change_message": ""}}, {"model": "admin.logentry", "pk": 160, "fields": {"action_time": "2025-10-02T09:31:43.847Z", "user": 1, "content_type": 19, "object_id": "8", "object_repr": "Jerold Oyando → C105 (faculty)", "action_flag": 3, "change_message": ""}}, {"model": "admin.logentry", "pk": 161, "fields": {"action_time": "2025-10-02T09:31:43.847Z", "user": 1, "content_type": 19, "object_id": "7", "object_repr": "Froilan Baguio → C103 (faculty)", "action_flag": 3, "change_message": ""}}, {"model": "admin.logentry", "pk": 162, "fields": {"action_time": "2025-10-02T09:31:43.847Z", "user": 1, "content_type": 19, "object_id": "6", "object_repr": "Jade Puno → C202 (faculty)", "action_flag": 3, "change_message": ""}}, {"model": "admin.logentry", "pk": 163, "fields": {"action_time": "2025-10-02T09:31:43.847Z", "user": 1, "content_type": 19, "object_id": "5", "object_repr": "Jade Puno → C201 (faculty)", "action_flag": 3, "change_message": ""}}, {"model": "admin.logentry", "pk": 164, "fields": {"action_time": "2025-10-02T09:31:43.847Z", "user": 1, "content_type": 19, "object_id": "4", "object_repr": "Jade Puno → C204 (faculty)", "action_flag": 3, "change_message": ""}}, {"model": "admin.logentry", "pk": 165, "fields": {"action_time": "2025-10-02T09:31:43.847Z", "user": 1, "content_type": 19, "object_id": "3", "object_repr": "Jade Puno → C207 (faculty)", "action_flag": 3, "change_message": ""}}, {"model": "admin.logentry", "pk": 166, "fields": {"action_time": "2025-10-02T09:31:43.847Z", "user": 1, "content_type": 19, "object_id": "2", "object_repr": "Jade Puno → C206 (faculty)", "action_flag": 3, "change_message": ""}}, {"model": "admin.logentry", "pk": 167, "fields": {"action_time": "2025-10-02T09:31:43.847Z", "user": 1, "content_type": 19, "object_id": "1", "object_repr": "Jade Puno → C206 (faculty)", "action_flag": 3, "change_message": ""}}, {"model": "admin.logentry", "pk": 168, "fields": {"action_time": "2025-10-02T09:48:57.470Z", "user": 1, "content_type": 19, "object_id": "12", "object_repr": "Aeron Dave Caligagan → C101 (student)", "action_flag": 3, "change_message": ""}}, {"model": "admin.logentry", "pk": 169, "fields": {"action_time": "2025-10-02T10:04:10.182Z", "user": 1, "content_type": 10, "object_id": "54", "object_repr": "Aeron Dave Caligagan (Student)", "action_flag": 3, "change_message": ""}}, {"model": "admin.logentry", "pk": 170, "fields": {"action_time": "2025-10-02T14:50:08.364Z", "user": 1, "content_type": 19, "object_id": "18", "object_repr": "Jade Puno → C102 (dean)", "action_flag": 3, "change_message": ""}}, {"model": "admin.logentry", "pk": 171, "fields": {"action_time": "2025-10-02T14:50:08.364Z", "user": 1, "content_type": 19, "object_id": "17", "object_repr": "Ela Alcibar → C205 (faculty)", "action_flag": 3, "change_message": ""}}, {"model": "admin.logentry", "pk": 172, "fields": {"action_time": "2025-10-02T14:50:08.364Z", "user": 1, "content_type": 19, "object_id": "16", "object_repr": "James Bryan Yabut → C109 (coordinator)", "action_flag": 3, "change_message": ""}}, {"model": "admin.logentry", "pk": 173, "fields": {"action_time": "2025-10-02T14:50:08.364Z", "user": 1, "content_type": 19, "object_id": "14", "object_repr": "Froilan Baguio → C206 (dean)", "action_flag": 3, "change_message": ""}}, {"model": "admin.logentry", "pk": 174, "fields": {"action_time": "2025-10-02T14:50:08.364Z", "user": 1, "content_type": 19, "object_id": "13", "object_repr": "Jade Puno → C101 (dean)", "action_flag": 3, "change_message": ""}}, {"model": "admin.logentry", "pk": 175, "fields": {"action_time": "2025-10-02T15:10:18.245Z", "user": 1, "content_type": 19, "object_id": "19", "object_repr": "Jade Puno → C101 (dean)", "action_flag": 3, "change_message": ""}}, {"model": "admin.logentry", "pk": 176, "fields": {"action_time": "2025-10-02T15:17:55.256Z", "user": 1, "content_type": 19, "object_id": "20", "object_repr": "Jade Puno → C206 (dean)", "action_flag": 3, "change_message": ""}}, {"model": "admin.logentry", "pk": 177, "fields": {"action_time": "2025-10-02T15:23:24.657Z", "user": 1, "content_type": 19, "object_id": "21", "object_repr": "Jade Puno → C209 (dean)", "action_flag": 3, "change_message": ""}}, {"model": "admin.logentry", "pk": 178, "fields": {"action_time": "2025-10-02T17:03:27.809Z", "user": 1, "content_type": 19, "object_id": "24", "object_repr": "James Bryan Yabut → C204 (coordinator)", "action_flag": 3, "change_message": ""}}, {"model": "admin.logentry", "pk": 179, "fields": {"action_time": "2025-10-02T17:03:27.810Z", "user": 1, "content_type": 19, "object_id": "23", "object_repr": "James Bryan Yabut → C108 (coordinator)", "action_flag": 3, "change_message": ""}}, {"model": "admin.logentry", "pk": 180, "fields": {"action_time": "2025-10-02T17:03:27.810Z", "user": 1, "content_type": 19, "object_id": "22", "object_repr": "Jade Puno → C101 (dean)", "action_flag": 3, "change_message": ""}}, {"model": "admin.logentry", "pk": 181, "fields": {"action_time": "2025-10-02T18:14:18.021Z", "user": 1, "content_type": 10, "object_id": "72", "object_repr": "Richard Bituonon (Coordinator)", "action_flag": 3, "change_message": ""}}, {"model": "admin.logentry", "pk": 182, "fields": {"action_time": "2025-10-02T18:14:18.021Z", "user": 1, "content_type": 10, "object_id": "71", "object_repr": "Lorence Mancenido (Student)", "action_flag": 3, "change_message": ""}}, {"model": "admin.logentry", "pk": 183, "fields": {"action_time": "2025-10-02T18:14:18.021Z", "user": 1, "content_type": 10, "object_id": "69", "object_repr": "Aeron dave Caligagan (Student)", "action_flag": 3, "change_message": ""}}, {"model": "admin.logentry", "pk": 184, "fields": {"action_time": "2025-10-02T18:14:18.021Z", "user": 1, "content_type": 10, "object_id": "67", "object_repr": "Ela Alcibar (Faculty)", "action_flag": 3, "change_message": ""}}, {"model": "admin.logentry", "pk": 185, "fields": {"action_time": "2025-10-02T18:14:18.022Z", "user": 1, "content_type": 10, "object_id": "66", "object_repr": "Johnrev Abanes (Faculty)", "action_flag": 3, "change_message": ""}}, {"model": "admin.logentry", "pk": 186, "fields": {"action_time": "2025-10-02T18:14:18.022Z", "user": 1, "content_type": 10, "object_id": "64", "object_repr": "Clark Caylao (Coordinator)", "action_flag": 3, "change_message": ""}}, {"model": "admin.logentry", "pk": 187, "fields": {"action_time": "2025-10-02T18:14:18.022Z", "user": 1, "content_type": 10, "object_id": "60", "object_repr": "James Bryan Yabut (Coordinator)", "action_flag": 3, "change_message": ""}}, {"model": "admin.logentry", "pk": 188, "fields": {"action_time": "2025-10-02T18:14:18.022Z", "user": 1, "content_type": 10, "object_id": "59", "object_repr": "Jerold Oyando (Dean)", "action_flag": 3, "change_message": ""}}, {"model": "admin.logentry", "pk": 189, "fields": {"action_time": "2025-10-02T18:14:18.022Z", "user": 1, "content_type": 10, "object_id": "58", "object_repr": "Froilan Baguio (Dean)", "action_flag": 3, "change_message": ""}}, {"model": "admin.logentry", "pk": 190, "fields": {"action_time": "2025-10-02T18:14:18.022Z", "user": 1, "content_type": 10, "object_id": "57", "object_repr": "Alberto Reyes (Faculty)", "action_flag": 3, "change_message": ""}}, {"model": "admin.logentry", "pk": 191, "fields": {"action_time": "2025-10-02T18:14:18.022Z", "user": 1, "content_type": 10, "object_id": "56", "object_repr": "Jade Puno (Dean)", "action_flag": 3, "change_message": ""}}, {"model": "admin.logentry", "pk": 192, "fields": {"action_time": "2025-10-03T11:52:00.461Z", "user": 1, "content_type": 10, "object_id": "76", "object_repr": "Aeron dave caligagan (Student)", "action_flag": 3, "change_message": ""}}, {"model": "admin.logentry", "pk": 193, "fields": {"action_time": "2025-10-03T11:52:00.461Z", "user": 1, "content_type": 10, "object_id": "75", "object_repr": "Johnrev abanes (Faculty)", "action_flag": 3, "change_message": ""}}, {"model": "admin.logentry", "pk": 194, "fields": {"action_time": "2025-10-03T11:52:00.461Z", "user": 1, "content_type": 10, "object_id": "74", "object_repr": "Jerold oyando (Coordinator)", "action_flag": 3, "change_message": ""}}, {"model": "admin.logentry", "pk": 195, "fields": {"action_time": "2025-10-03T11:52:00.461Z", "user": 1, "content_type": 10, "object_id": "73", "object_repr": "Jade puno (Dean)", "action_flag": 3, "change_message": ""}}, {"model": "admin.logentry", "pk": 196, "fields": {"action_time": "2025-10-03T12:01:15.374Z", "user": 1, "content_type": 19, "object_id": "26", "object_repr": "jeroldoyando → C201 (coordinator)", "action_flag": 3, "change_message": ""}}, {"model": "admin.logentry", "pk": 197, "fields": {"action_time": "2025-10-03T12:01:15.374Z", "user": 1, "content_type": 19, "object_id": "25", "object_repr": "James Bryan Yabut → C403 (coordinator)", "action_flag": 3, "change_message": ""}}, {"model": "admin.logentry", "pk": 198, "fields": {"action_time": "2025-10-03T15:40:52.251Z", "user": 1, "content_type": 13, "object_id": "4", "object_repr": "Floriantubiera's Evaluation for Anthonyplanos", "action_flag": 3, "change_message": ""}}, {"model": "admin.logentry", "pk": 199, "fields": {"action_time": "2025-10-03T15:52:50.275Z", "user": 1, "content_type": 13, "object_id": "6", "object_repr": "Albertoreyes's Evaluation for jadepuno", "action_flag": 3, "change_message": ""}}, {"model": "admin.logentry", "pk": 200, "fields": {"action_time": "2025-10-03T19:42:17.180Z", "user": 1, "content_type": 13, "object_id": "5", "object_repr": "aerondavecaligagan2's Evaluation for Albertoreyes", "action_flag": 3, "change_message": ""}}, {"model": "admin.logentry", "pk": 201, "fields": {"action_time": "2025-10-04T18:17:00.046Z", "user": 1, "content_type": 13, "object_id": "1", "object_repr": "aerondavecaligagan2's Evaluation for Anthonyplanos", "action_flag": 3, "change_message": ""}}, {"model": "admin.logentry", "pk": 202, "fields": {"action_time": "2025-10-05T05:41:01.660Z", "user": 1, "content_type": 13, "object_id": "10", "object_repr": "elaalcibar's Evaluation for Anthonyplanos", "action_flag": 3, "change_message": ""}}, {"model": "admin.logentry", "pk": 203, "fields": {"action_time": "2025-10-08T16:08:25.485Z", "user": 1, "content_type": 13, "object_id": "11", "object_repr": "Clarkcaylao11's Evaluation for jadepuno", "action_flag": 3, "change_message": ""}}, {"model": "admin.logentry", "pk": 204, "fields": {"action_time": "2025-10-08T16:08:25.486Z", "user": 1, "content_type": 13, "object_id": "9", "object_repr": "aerondavecaligagan2's Evaluation for Anthonyplanos", "action_flag": 3, "change_message": ""}}, {"model": "admin.logentry", "pk": 205, "fields": {"action_time": "2025-10-08T16:08:25.486Z", "user": 1, "content_type": 13, "object_id": "8", "object_repr": "Floriantubiera's Evaluation for Albertoreyes", "action_flag": 3, "change_message": ""}}, {"model": "admin.logentry", "pk": 206, "fields": {"action_time": "2025-10-08T16:08:25.486Z", "user": 1, "content_type": 13, "object_id": "7", "object_repr": "Floriantubiera's Evaluation for jadepuno", "action_flag": 3, "change_message": ""}}, {"model": "admin.logentry", "pk": 207, "fields": {"action_time": "2025-10-08T16:08:25.486Z", "user": 1, "content_type": 13, "object_id": "2", "object_repr": "aerondavecaligagan2's Evaluation for jadepuno", "action_flag": 3, "change_message": ""}}, {"model": "admin.logentry", "pk": 208, "fields": {"action_time": "2025-10-11T17:41:00.072Z", "user": 1, "content_type": 13, "object_id": "16", "object_repr": "johncalalo's Evaluation for jadepuno", "action_flag": 3, "change_message": ""}}, {"model": "admin.logentry", "pk": 209, "fields": {"action_time": "2025-10-11T17:41:00.072Z", "user": 1, "content_type": 13, "object_id": "15", "object_repr": "sylvesterbustos's Evaluation for aeroncaligagan", "action_flag": 3, "change_message": ""}}, {"model": "admin.logentry", "pk": 210, "fields": {"action_time": "2025-10-11T17:41:00.072Z", "user": 1, "content_type": 13, "object_id": "14", "object_repr": "ibrahimbilda's Evaluation for aeroncaligagan", "action_flag": 3, "change_message": ""}}, {"model": "admin.logentry", "pk": 211, "fields": {"action_time": "2025-10-11T17:41:00.072Z", "user": 1, "content_type": 13, "object_id": "13", "object_repr": "jovicabique's Evaluation for aeroncaligagan", "action_flag": 3, "change_message": ""}}, {"model": "admin.logentry", "pk": 212, "fields": {"action_time": "2025-10-11T17:41:00.073Z", "user": 1, "content_type": 13, "object_id": "12", "object_repr": "johnrevabanes's Evaluation for aeroncaligagan", "action_flag": 3, "change_message": ""}}, {"model": "admin.logentry", "pk": 213, "fields": {"action_time": "2025-10-11T18:10:12.425Z", "user": 1, "content_type": 13, "object_id": "18", "object_repr": "jovicabique's Evaluation for Albertoreyes", "action_flag": 3, "change_message": ""}}, {"model": "admin.logentry", "pk": 214, "fields": {"action_time": "2025-10-11T18:10:12.425Z", "user": 1, "content_type": 13, "object_id": "17", "object_repr": "johnrevabanes's Evaluation for Albertoreyes", "action_flag": 3, "change_message": ""}}, {"model": "admin.logentry", "pk": 215, "fields": {"action_time": "2025-10-11T18:39:42.728Z", "user": 1, "content_type": 13, "object_id": "20", "object_repr": "johnrevabanes's Evaluation for Albertoreyes", "action_flag": 3, "change_message": ""}}, {"model": "admin.logentry", "pk": 216, "fields": {"action_time": "2025-10-11T18:39:42.728Z", "user": 1, "content_type": 13, "object_id": "19", "object_repr": "jovicabique's Evaluation for Albertoreyes", "action_flag": 3, "change_message": ""}}, {"model": "admin.logentry", "pk": 217, "fields": {"action_time": "2025-10-11T18:58:05.889Z", "user": 1, "content_type": 13, "object_id": "22", "object_repr": "johnrevabanes's Evaluation for Albertoreyes", "action_flag": 3, "change_message": ""}}, {"model": "admin.logentry", "pk": 218, "fields": {"action_time": "2025-10-11T18:58:05.889Z", "user": 1, "content_type": 13, "object_id": "21", "object_repr": "jovicabique's Evaluation for Albertoreyes", "action_flag": 3, "change_message": ""}}, {"model": "admin.logentry", "pk": 219, "fields": {"action_time": "2025-10-14T14:05:20.864Z", "user": 1, "content_type": 13, "object_id": "29", "object_repr": "johnrevabanes's Evaluation for aeroncaligagan", "action_flag": 3, "change_message": ""}}, {"model": "admin.logentry", "pk": 220, "fields": {"action_time": "2025-10-14T14:05:20.864Z", "user": 1, "content_type": 13, "object_id": "28", "object_repr": "clarkcaylao's Evaluation for jadepuno", "action_flag": 3, "change_message": ""}}, {"model": "admin.logentry", "pk": 221, "fields": {"action_time": "2025-10-14T14:05:20.864Z", "user": 1, "content_type": 13, "object_id": "27", "object_repr": "ibrahimbilda's Evaluation for jadepuno", "action_flag": 3, "change_message": ""}}, {"model": "admin.logentry", "pk": 222, "fields": {"action_time": "2025-10-14T14:05:20.864Z", "user": 1, "content_type": 13, "object_id": "26", "object_repr": "racaelaalcibar's Evaluation for Albertoreyes", "action_flag": 3, "change_message": ""}}, {"model": "admin.logentry", "pk": 223, "fields": {"action_time": "2025-10-14T14:05:20.864Z", "user": 1, "content_type": 13, "object_id": "25", "object_repr": "manoyabuque's Evaluation for Albertoreyes", "action_flag": 3, "change_message": ""}}, {"model": "admin.logentry", "pk": 224, "fields": {"action_time": "2025-10-14T14:05:20.864Z", "user": 1, "content_type": 13, "object_id": "24", "object_repr": "johnrevabanes's Evaluation for Albertoreyes", "action_flag": 3, "change_message": ""}}, {"model": "admin.logentry", "pk": 225, "fields": {"action_time": "2025-10-14T14:05:20.864Z", "user": 1, "content_type": 13, "object_id": "23", "object_repr": "jovicabique's Evaluation for Albertoreyes", "action_flag": 3, "change_message": ""}}, {"model": "admin.logentry", "pk": 226, "fields": {"action_time": "2025-10-14T17:51:58.662Z", "user": 1, "content_type": 13, "object_id": "32", "object_repr": "johnrevabanes's Evaluation for jadepuno", "action_flag": 3, "change_message": ""}}, {"model": "admin.logentry", "pk": 227, "fields": {"action_time": "2025-10-14T17:51:58.662Z", "user": 1, "content_type": 13, "object_id": "31", "object_repr": "jovicabique's Evaluation for aeroncaligagan", "action_flag": 3, "change_message": ""}}, {"model": "admin.logentry", "pk": 228, "fields": {"action_time": "2025-10-14T17:51:58.662Z", "user": 1, "content_type": 13, "object_id": "30", "object_repr": "jovicabique's Evaluation for jadepuno", "action_flag": 3, "change_message": ""}}, {"model": "admin.logentry", "pk": 229, "fields": {"action_time": "2025-10-14T18:42:38.059Z", "user": 1, "content_type": 13, "object_id": "38", "object_repr": "jovicabique's Evaluation for aeroncaligagan", "action_flag": 3, "change_message": ""}}, {"model": "admin.logentry", "pk": 230, "fields": {"action_time": "2025-10-14T18:42:38.059Z", "user": 1, "content_type": 13, "object_id": "37", "object_repr": "johnrevabanes's Evaluation for aeroncaligagan", "action_flag": 3, "change_message": ""}}, {"model": "admin.logentry", "pk": 231, "fields": {"action_time": "2025-10-14T18:42:38.059Z", "user": 1, "content_type": 13, "object_id": "36", "object_repr": "johnrevabanes's Evaluation for Albertoreyes", "action_flag": 3, "change_message": ""}}, {"model": "admin.logentry", "pk": 232, "fields": {"action_time": "2025-10-14T18:42:38.059Z", "user": 1, "content_type": 13, "object_id": "35", "object_repr": "froilanbaguio's Evaluation for jadepuno", "action_flag": 3, "change_message": ""}}, {"model": "admin.logentry", "pk": 233, "fields": {"action_time": "2025-10-14T18:42:38.059Z", "user": 1, "content_type": 13, "object_id": "34", "object_repr": "johnrevabanes's Evaluation for jadepuno", "action_flag": 3, "change_message": ""}}, {"model": "admin.logentry", "pk": 234, "fields": {"action_time": "2025-10-14T18:42:38.059Z", "user": 1, "content_type": 13, "object_id": "33", "object_repr": "jovicabique's Evaluation for jadepuno", "action_flag": 3, "change_message": ""}}, {"model": "admin.logentry", "pk": 235, "fields": {"action_time": "2025-10-14T23:56:40.856Z", "user": 1, "content_type": 13, "object_id": "40", "object_repr": "jovicabique's Evaluation for jadepuno", "action_flag": 3, "change_message": ""}}, {"model": "admin.logentry", "pk": 236, "fields": {"action_time": "2025-10-14T23:56:40.856Z", "user": 1, "content_type": 13, "object_id": "39", "object_repr": "johnrevabanes's Evaluation for jadepuno", "action_flag": 3, "change_message": ""}}, {"model": "admin.logentry", "pk": 237, "fields": {"action_time": "2025-10-16T17:16:05.785Z", "user": 1, "content_type": 13, "object_id": "41", "object_repr": "johnrevabanes's Evaluation for jadepuno", "action_flag": 3, "change_message": ""}}, {"model": "admin.logentry", "pk": 238, "fields": {"action_time": "2025-10-19T05:10:31.469Z", "user": 1, "content_type": 13, "object_id": "43", "object_repr": "aeroncaligagan's Evaluation for jadepuno", "action_flag": 3, "change_message": ""}}, {"model": "admin.logentry", "pk": 239, "fields": {"action_time": "2025-10-28T13:40:27.708Z", "user": 1, "content_type": 13, "object_id": "51", "object_repr": "Albertoreyes's Evaluation for jadepuno", "action_flag": 3, "change_message": ""}}, {"model": "admin.logentry", "pk": 240, "fields": {"action_time": "2025-10-28T13:40:27.708Z", "user": 1, "content_type": 13, "object_id": "50", "object_repr": "sylvesterbustos's Evaluation for jadepuno", "action_flag": 3, "change_message": ""}}, {"model": "admin.logentry", "pk": 241, "fields": {"action_time": "2025-10-28T13:40:27.708Z", "user": 1, "content_type": 13, "object_id": "49", "object_repr": "jovicabique's Evaluation for Albertoreyes", "action_flag": 3, "change_message": ""}}, {"model": "admin.logentry", "pk": 242, "fields": {"action_time": "2025-10-28T13:40:27.708Z", "user": 1, "content_type": 13, "object_id": "48", "object_repr": "jadepuno's Evaluation for Albertoreyes", "action_flag": 3, "change_message": ""}}, {"model": "admin.logentry", "pk": 243, "fields": {"action_time": "2025-10-28T13:40:27.708Z", "user": 1, "content_type": 13, "object_id": "47", "object_repr": "johnrevabanes's Evaluation for Albertoreyes", "action_flag": 3, "change_message": ""}}, {"model": "admin.logentry", "pk": 244, "fields": {"action_time": "2025-10-28T13:40:27.708Z", "user": 1, "content_type": 13, "object_id": "46", "object_repr": "jovicabique's Evaluation for jadepuno", "action_flag": 3, "change_message": ""}}, {"model": "admin.logentry", "pk": 245, "fields": {"action_time": "2025-10-28T13:40:27.708Z", "user": 1, "content_type": 13, "object_id": "45", "object_repr": "johnrevabanes's Evaluation for jadepuno", "action_flag": 3, "change_message": ""}}, {"model": "admin.logentry", "pk": 246, "fields": {"action_time": "2025-10-28T13:40:27.708Z", "user": 1, "content_type": 13, "object_id": "44", "object_repr": "aeroncaligagan's Evaluation for jadepuno", "action_flag": 3, "change_message": ""}}, {"model": "admin.logentry", "pk": 247, "fields": {"action_time": "2025-10-29T00:55:08.965Z", "user": 1, "content_type": 13, "object_id": "54", "object_repr": "jovicabique's Evaluation for jadepuno", "action_flag": 3, "change_message": ""}}, {"model": "admin.logentry", "pk": 248, "fields": {"action_time": "2025-10-29T00:55:08.966Z", "user": 1, "content_type": 13, "object_id": "53", "object_repr": "johnrevabanes's Evaluation for jadepuno", "action_flag": 3, "change_message": ""}}, {"model": "admin.logentry", "pk": 249, "fields": {"action_time": "2025-10-29T00:55:08.966Z", "user": 1, "content_type": 13, "object_id": "52", "object_repr": "aeroncaligagan's Evaluation for jadepuno", "action_flag": 3, "change_message": ""}}, {"model": "admin.logentry", "pk": 250, "fields": {"action_time": "2025-10-29T02:30:18.125Z", "user": 1, "content_type": 13, "object_id": "55", "object_repr": "johnmarko's Evaluation for jadepuno", "action_flag": 3, "change_message": ""}}, {"model": "admin.logentry", "pk": 251, "fields": {"action_time": "2025-10-31T11:36:28.297Z", "user": 1, "content_type": 13, "object_id": "61", "object_repr": "johnrevabanes's Evaluation for marksebastian", "action_flag": 3, "change_message": ""}}, {"model": "admin.logentry", "pk": 252, "fields": {"action_time": "2025-10-31T11:36:28.297Z", "user": 1, "content_type": 13, "object_id": "58", "object_repr": "jadepuno's Evaluation for Albertoreyes", "action_flag": 3, "change_message": ""}}, {"model": "admin.logentry", "pk": 253, "fields": {"action_time": "2025-10-31T11:36:28.297Z", "user": 1, "content_type": 13, "object_id": "57", "object_repr": "johnrevabanes's Evaluation for jadepuno", "action_flag": 3, "change_message": ""}}, {"model": "admin.logentry", "pk": 254, "fields": {"action_time": "2025-10-31T11:36:28.297Z", "user": 1, "content_type": 13, "object_id": "56", "object_repr": "markponce's Evaluation for jadepuno", "action_flag": 3, "change_message": ""}}, {"model": "auth.permission", "pk": 1, "fields": {"name": "Can add log entry", "content_type": 1, "codename": "add_logentry"}}, {"model": "auth.permission", "pk": 2, "fields": {"name": "Can change log entry", "content_type": 1, "codename": "change_logentry"}}, {"model": "auth.permission", "pk": 3, "fields": {"name": "Can delete log entry", "content_type": 1, "codename": "delete_logentry"}}, {"model": "auth.permission", "pk": 4, "fields": {"name": "Can view log entry", "content_type": 1, "codename": "view_logentry"}}, {"model": "auth.permission", "pk": 5, "fields": {"name": "Can add permission", "content_type": 2, "codename": "add_permission"}}, {"model": "auth.permission", "pk": 6, "fields": {"name": "Can change permission", "content_type": 2, "codename": "change_permission"}}, {"model": "auth.permission", "pk": 7, "fields": {"name": "Can delete permission", "content_type": 2, "codename": "delete_permission"}}, {"model": "auth.permission", "pk": 8, "fields": {"name": "Can view permission", "content_type": 2, "codename": "view_permission"}}, {"model": "auth.permission", "pk": 9, "fields": {"name": "Can add group", "content_type": 3, "codename": "add_group"}}, {"model": "auth.permission", "pk": 10, "fields": {"name": "Can change group", "content_type": 3, "codename": "change_group"}}, {"model": "auth.permission", "pk": 11, "fields": {"name": "Can delete group", "content_type": 3, "codename": "delete_group"}}, {"model": "auth.permission", "pk": 12, "fields": {"name": "Can view group", "content_type": 3, "codename": "view_group"}}, {"model": "auth.permission", "pk": 13, "fields": {"name": "Can add user", "content_type": 4, "codename": "add_user"}}, {"model": "auth.permission", "pk": 14, "fields": {"name": "Can change user", "content_type": 4, "codename": "change_user"}}, {"model": "auth.permission", "pk": 15, "fields": {"name": "Can delete user", "content_type": 4, "codename": "delete_user"}}, {"model": "auth.permission", "pk": 16, "fields": {"name": "Can view user", "content_type": 4, "codename": "view_user"}}, {"model": "auth.permission", "pk": 17, "fields": {"name": "Can add content type", "content_type": 5, "codename": "add_contenttype"}}, {"model": "auth.permission", "pk": 18, "fields": {"name": "Can change content type", "content_type": 5, "codename": "change_contenttype"}}, {"model": "auth.permission", "pk": 19, "fields": {"name": "Can delete content type", "content_type": 5, "codename": "delete_contenttype"}}, {"model": "auth.permission", "pk": 20, "fields": {"name": "Can view content type", "content_type": 5, "codename": "view_contenttype"}}, {"model": "auth.permission", "pk": 21, "fields": {"name": "Can add session", "content_type": 6, "codename": "add_session"}}, {"model": "auth.permission", "pk": 22, "fields": {"name": "Can change session", "content_type": 6, "codename": "change_session"}}, {"model": "auth.permission", "pk": 23, "fields": {"name": "Can delete session", "content_type": 6, "codename": "delete_session"}}, {"model": "auth.permission", "pk": 24, "fields": {"name": "Can view session", "content_type": 6, "codename": "view_session"}}, {"model": "auth.permission", "pk": 25, "fields": {"name": "Can add teacher", "content_type": 7, "codename": "add_teacher"}}, {"model": "auth.permission", "pk": 26, "fields": {"name": "Can change teacher", "content_type": 7, "codename": "change_teacher"}}, {"model": "auth.permission", "pk": 27, "fields": {"name": "Can delete teacher", "content_type": 7, "codename": "delete_teacher"}}, {"model": "auth.permission", "pk": 28, "fields": {"name": "Can view teacher", "content_type": 7, "codename": "view_teacher"}}, {"model": "auth.permission", "pk": 29, "fields": {"name": "Can add evaluation", "content_type": 8, "codename": "add_evaluation"}}, {"model": "auth.permission", "pk": 30, "fields": {"name": "Can change evaluation", "content_type": 8, "codename": "change_evaluation"}}, {"model": "auth.permission", "pk": 31, "fields": {"name": "Can delete evaluation", "content_type": 8, "codename": "delete_evaluation"}}, {"model": "auth.permission", "pk": 32, "fields": {"name": "Can view evaluation", "content_type": 8, "codename": "view_evaluation"}}, {"model": "auth.permission", "pk": 33, "fields": {"name": "Can add rating", "content_type": 9, "codename": "add_rating"}}, {"model": "auth.permission", "pk": 34, "fields": {"name": "Can change rating", "content_type": 9, "codename": "change_rating"}}, {"model": "auth.permission", "pk": 35, "fields": {"name": "Can delete rating", "content_type": 9, "codename": "delete_rating"}}, {"model": "auth.permission", "pk": 36, "fields": {"name": "Can view rating", "content_type": 9, "codename": "view_rating"}}, {"model": "auth.permission", "pk": 37, "fields": {"name": "Can add user profile", "content_type": 10, "codename": "add_userprofile"}}, {"model": "auth.permission", "pk": 38, "fields": {"name": "Can change user profile", "content_type": 10, "codename": "change_userprofile"}}, {"model": "auth.permission", "pk": 39, "fields": {"name": "Can delete user profile", "content_type": 10, "codename": "delete_userprofile"}}, {"model": "auth.permission", "pk": 40, "fields": {"name": "Can view user profile", "content_type": 10, "codename": "view_userprofile"}}, {"model": "auth.permission", "pk": 41, "fields": {"name": "Can add user", "content_type": 11, "codename": "add_customuser"}}, {"model": "auth.permission", "pk": 42, "fields": {"name": "Can change user", "content_type": 11, "codename": "change_customuser"}}, {"model": "auth.permission", "pk": 43, "fields": {"name": "Can delete user", "content_type": 11, "codename": "delete_customuser"}}, {"model": "auth.permission", "pk": 44, "fields": {"name": "Can view user", "content_type": 11, "codename": "view_customuser"}}, {"model": "auth.permission", "pk": 45, "fields": {"name": "Can add coordinator", "content_type": 12, "codename": "add_coordinator"}}, {"model": "auth.permission", "pk": 46, "fields": {"name": "Can change coordinator", "content_type": 12, "codename": "change_coordinator"}}, {"model": "auth.permission", "pk": 47, "fields": {"name": "Can delete coordinator", "content_type": 12, "codename": "delete_coordinator"}}, {"model": "auth.permission", "pk": 48, "fields": {"name": "Can view coordinator", "content_type": 12, "codename": "view_coordinator"}}, {"model": "auth.permission", "pk": 49, "fields": {"name": "Can add evaluation response", "content_type": 13, "codename": "add_evaluationresponse"}}, {"model": "auth.permission", "pk": 50, "fields": {"name": "Can change evaluation response", "content_type": 13, "codename": "change_evaluationresponse"}}, {"model": "auth.permission", "pk": 51, "fields": {"name": "Can delete evaluation response", "content_type": 13, "codename": "delete_evaluationresponse"}}, {"model": "auth.permission", "pk": 52, "fields": {"name": "Can view evaluation response", "content_type": 13, "codename": "view_evaluationresponse"}}, {"model": "auth.permission", "pk": 53, "fields": {"name": "Can add subject mastery", "content_type": 14, "codename": "add_subjectmastery"}}, {"model": "auth.permission", "pk": 54, "fields": {"name": "Can change subject mastery", "content_type": 14, "codename": "change_subjectmastery"}}, {"model": "auth.permission", "pk": 55, "fields": {"name": "Can delete subject mastery", "content_type": 14, "codename": "delete_subjectmastery"}}, {"model": "auth.permission", "pk": 56, "fields": {"name": "Can view subject mastery", "content_type": 14, "codename": "view_subjectmastery"}}, {"model": "auth.permission", "pk": 57, "fields": {"name": "Can add evaluation question", "content_type": 15, "codename": "add_evaluationquestion"}}, {"model": "auth.permission", "pk": 58, "fields": {"name": "Can change evaluation question", "content_type": 15, "codename": "change_evaluationquestion"}}, {"model": "auth.permission", "pk": 59, "fields": {"name": "Can delete evaluation question", "content_type": 15, "codename": "delete_evaluationquestion"}}, {"model": "auth.permission", "pk": 60, "fields": {"name": "Can view evaluation question", "content_type": 15, "codename": "view_evaluationquestion"}}, {"model": "auth.permission", "pk": 61, "fields": {"name": "Can add ai recommendation", "content_type": 16, "codename": "add_airecommendation"}}, {"model": "auth.permission", "pk": 62, "fields": {"name": "Can change ai recommendation", "content_type": 16, "codename": "change_airecommendation"}}, {"model": "auth.permission", "pk": 63, "fields": {"name": "Can delete ai recommendation", "content_type": 16, "codename": "delete_airecommendation"}}, {"model": "auth.permission", "pk": 64, "fields": {"name": "Can view ai recommendation", "content_type": 16, "codename": "view_airecommendation"}}, {"model": "auth.permission", "pk": 65, "fields": {"name": "Can add section", "content_type": 17, "codename": "add_section"}}, {"model": "auth.permission", "pk": 66, "fields": {"name": "Can change section", "content_type": 17, "codename": "change_section"}}, {"model": "auth.permission", "pk": 67, "fields": {"name": "Can delete section", "content_type": 17, "codename": "delete_section"}}, {"model": "auth.permission", "pk": 68, "fields": {"name": "Can view section", "content_type": 17, "codename": "view_section"}}, {"model": "auth.permission", "pk": 69, "fields": {"name": "Can add user section assignment", "content_type": 18, "codename": "add_usersectionassignment"}}, {"model": "auth.permission", "pk": 70, "fields": {"name": "Can change user section assignment", "content_type": 18, "codename": "change_usersectionassignment"}}, {"model": "auth.permission", "pk": 71, "fields": {"name": "Can delete user section assignment", "content_type": 18, "codename": "delete_usersectionassignment"}}, {"model": "auth.permission", "pk": 72, "fields": {"name": "Can view user section assignment", "content_type": 18, "codename": "view_usersectionassignment"}}, {"model": "auth.permission", "pk": 73, "fields": {"name": "Can add section assignment", "content_type": 19, "codename": "add_sectionassignment"}}, {"model": "auth.permission", "pk": 74, "fields": {"name": "Can change section assignment", "content_type": 19, "codename": "change_sectionassignment"}}, {"model": "auth.permission", "pk": 75, "fields": {"name": "Can delete section assignment", "content_type": 19, "codename": "delete_sectionassignment"}}, {"model": "auth.permission", "pk": 76, "fields": {"name": "Can view section assignment", "content_type": 19, "codename": "view_sectionassignment"}}, {"model": "auth.permission", "pk": 77, "fields": {"name": "Can add evaluation failure log", "content_type": 20, "codename": "add_evaluationfailurelog"}}, {"model": "auth.permission", "pk": 78, "fields": {"name": "Can change evaluation failure log", "content_type": 20, "codename": "change_evaluationfailurelog"}}, {"model": "auth.permission", "pk": 79, "fields": {"name": "Can delete evaluation failure log", "content_type": 20, "codename": "delete_evaluationfailurelog"}}, {"model": "auth.permission", "pk": 80, "fields": {"name": "Can view evaluation failure log", "content_type": 20, "codename": "view_evaluationfailurelog"}}, {"model": "auth.permission", "pk": 81, "fields": {"name": "Can add evaluation comment", "content_type": 21, "codename": "add_evaluationcomment"}}, {"model": "auth.permission", "pk": 82, "fields": {"name": "Can change evaluation comment", "content_type": 21, "codename": "change_evaluationcomment"}}, {"model": "auth.permission", "pk": 83, "fields": {"name": "Can delete evaluation comment", "content_type": 21, "codename": "delete_evaluationcomment"}}, {"model": "auth.permission", "pk": 84, "fields": {"name": "Can view evaluation comment", "content_type": 21, "codename": "view_evaluationcomment"}}, {"model": "auth.permission", "pk": 85, "fields": {"name": "Can add evaluation result", "content_type": 22, "codename": "add_evaluationresult"}}, {"model": "auth.permission", "pk": 86, "fields": {"name": "Can change evaluation result", "content_type": 22, "codename": "change_evaluationresult"}}, {"model": "auth.permission", "pk": 87, "fields": {"name": "Can delete evaluation result", "content_type": 22, "codename": "delete_evaluationresult"}}, {"model": "auth.permission", "pk": 88, "fields": {"name": "Can view evaluation result", "content_type": 22, "codename": "view_evaluationresult"}}, {"model": "auth.permission", "pk": 89, "fields": {"name": "Can add evaluation period", "content_type": 23, "codename": "add_evaluationperiod"}}, {"model": "auth.permission", "pk": 90, "fields": {"name": "Can change evaluation period", "content_type": 23, "codename": "change_evaluationperiod"}}, {"model": "auth.permission", "pk": 91, "fields": {"name": "Can delete evaluation period", "content_type": 23, "codename": "delete_evaluationperiod"}}, {"model": "auth.permission", "pk": 92, "fields": {"name": "Can view evaluation period", "content_type": 23, "codename": "view_evaluationperiod"}}, {"model": "auth.permission", "pk": 93, "fields": {"name": "Can add admin activity log", "content_type": 24, "codename": "add_adminactivitylog"}}, {"model": "auth.permission", "pk": 94, "fields": {"name": "Can change admin activity log", "content_type": 24, "codename": "change_adminactivitylog"}}, {"model": "auth.permission", "pk": 95, "fields": {"name": "Can delete admin activity log", "content_type": 24, "codename": "delete_adminactivitylog"}}, {"model": "auth.permission", "pk": 96, "fields": {"name": "Can view admin activity log", "content_type": 24, "codename": "view_adminactivitylog"}}, {"model": "auth.user", "pk": 1, "fields": {"password": "pbkdf2_sha256$870000$t7VQFzDEnLfyHxkKxVLE0e$rXk2YyY15/wYv0u13YAVuJ0TPg0xNfMBa5tWmmOswaA=", "last_login": "2025-11-06T18:49:51.377Z", "is_superuser": true, "username": "Christian Bitu-onon1", "first_name": "", "last_name": "", "email": "Christianbituonon4@gmail.com", "is_staff": true, "is_active": true, "date_joined": "2025-02-19T15:31:16.925Z", "groups": [], "user_permissions": []}}, {"model": "auth.user", "pk": 13, "fields": {"password": "pbkdf2_sha256$870000$qEvmZP2Eo5bGRzAh1olgmX$ex3qKAWVaQVFheljIxrGCDdBjEL5GEqFxBauJzcmOH8=", "last_login": null, "is_superuser": true, "username": "Admin", "first_name": "", "last_name": "", "email": "Admin@gmail.com", "is_staff": true, "is_active": true, "date_joined": "2025-03-19T06:23:18.308Z", "groups": [], "user_permissions": []}}, {"model": "auth.user", "pk": 64, "fields": {"password": "pbkdf2_sha256$870000$wV5x038S7Z6ha3cIOqsgJv$3AoNwiFDinv947bIJiNjjoVg6lz6aew70Hkqxgd/xF0=", "last_login": "2025-10-09T17:49:10.422Z", "is_superuser": false, "username": "Aeron Dave Caligagan", "first_name": "", "last_name": "", "email": "aerondave.caligagan@gmail.com", "is_staff": false, "is_active": true, "date_joined": "2025-04-04T18:17:38.665Z", "groups": [], "user_permissions": []}}, {"model": "auth.user", "pk": 66, "fields": {"password": "pbkdf2_sha256$870000$fw03NPanxdEn8dnueq6Uzq$03D3icghVLrd4QDTyHryzbZ23cwQ118gcQ8AXLWXOZU=", "last_login": "2025-10-25T09:43:30.474Z", "is_superuser": false, "username": "Jade Puno", "first_name": "", "last_name": "", "email": "jadepuno88@gmail.com", "is_staff": false, "is_active": true, "date_joined": "2025-04-05T09:37:45.607Z", "groups": [], "user_permissions": []}}, {"model": "auth.user", "pk": 67, "fields": {"password": "pbkdf2_sha256$870000$wvzg0l6DtH0t8Lu3LGxWyP$r+sh3GvpJNmfNUZ1pM2CrpfwUCK/YDx/kKLZ8UNoBBI=", "last_login": "2025-10-02T12:21:54.271Z", "is_superuser": false, "username": "Alberto Reyes", "first_name": "", "last_name": "", "email": "reyesalberto1610@gmail.com", "is_staff": false, "is_active": true, "date_joined": "2025-04-05T09:40:56.963Z", "groups": [], "user_permissions": []}}, {"model": "auth.user", "pk": 68, "fields": {"password": "pbkdf2_sha256$870000$bv8VFf4axj2DXygvNqk7ni$B1fUbn7efMAxnb05zo6P011G/yVAlSZ4QPMzSZvkxl0=", "last_login": "2025-04-21T05:50:07.892Z", "is_superuser": false, "username": "Froilan Baguio", "first_name": "", "last_name": "", "email": "baguiofroilan0@gmail.com", "is_staff": false, "is_active": true, "date_joined": "2025-04-05T10:48:55.861Z", "groups": [], "user_permissions": []}}, {"model": "auth.user", "pk": 69, "fields": {"password": "pbkdf2_sha256$870000$FkGRGQ1QY700MKZPebxiET$Ud0Y0cc31V9aCgTmVIWn2Ou75apyZvMNjgabg4byhRw=", "last_login": "2025-04-21T04:35:30.306Z", "is_superuser": false, "username": "Jerold Oyando", "first_name": "", "last_name": "", "email": "jeroldoyando22@gmail.com", "is_staff": false, "is_active": true, "date_joined": "2025-04-05T10:49:49.861Z", "groups": [], "user_permissions": []}}, {"model": "auth.user", "pk": 70, "fields": {"password": "pbkdf2_sha256$870000$3QyBnpNxTbBywx7IEpKt3E$cUrQ44UX03sGJxJEXU5i/apKE2fjgAY7cKKcAllOg5A=", "last_login": "2025-10-02T12:32:51.063Z", "is_superuser": false, "username": "James Bryan Yabut", "first_name": "", "last_name": "", "email": "jamesyabut2003@gmail.com", "is_staff": false, "is_active": true, "date_joined": "2025-04-05T11:02:56.661Z", "groups": [], "user_permissions": []}}, {"model": "auth.user", "pk": 74, "fields": {"password": "pbkdf2_sha256$870000$TVJYxWKKAzFE0ApyF4MAjk$2WBffpHt+wN75455yPvup5aMrLQyK5ZTQwtiYfC7lxQ=", "last_login": null, "is_superuser": false, "username": "Clark Caylao", "first_name": "", "last_name": "", "email": "Clarkcaylao11@gmail.com", "is_staff": false, "is_active": true, "date_joined": "2025-04-06T18:06:00.907Z", "groups": [], "user_permissions": []}}, {"model": "auth.user", "pk": 76, "fields": {"password": "pbkdf2_sha256$870000$gOhjnMsECl7CXlZOyZ7Q15$Ljb5oTwHERATugTQTG5S/WTm1+Al5DFIASiFg0mYsG8=", "last_login": null, "is_superuser": false, "username": "Johnrev Abanes", "first_name": "", "last_name": "", "email": "Revabanes12@gmail.com", "is_staff": false, "is_active": true, "date_joined": "2025-04-06T18:12:35.407Z", "groups": [], "user_permissions": []}}, {"model": "auth.user", "pk": 77, "fields": {"password": "pbkdf2_sha256$870000$J7DCZxgOpKciCjxNOaURus$8exDIQoryhvYnN2IspOkXze1JzQOwosmMS8tB1oTdiI=", "last_login": "2025-04-07T02:45:53.376Z", "is_superuser": false, "username": "Ela Alcibar", "first_name": "", "last_name": "", "email": "ElaAlcibar9@gmail.com", "is_staff": false, "is_active": true, "date_joined": "2025-04-07T02:44:02.627Z", "groups": [], "user_permissions": []}}, {"model": "auth.user", "pk": 82, "fields": {"password": "pbkdf2_sha256$870000$a2rYj64AdsTB9PRBHupAVv$hHPEc6M2FLlXjawP9dVjTHT0TIklmPvZBCQ07JWkcWE=", "last_login": "2025-10-02T12:36:34.616Z", "is_superuser": false, "username": "Aeron dave Caligagan", "first_name": "", "last_name": "", "email": "aerondave.caligagan@cca.edu.ph", "is_staff": false, "is_active": true, "date_joined": "2025-10-02T10:05:29.111Z", "groups": [], "user_permissions": []}}, {"model": "auth.user", "pk": 84, "fields": {"password": "pbkdf2_sha256$870000$wwRDqGGIufTmBr2klcYasw$arJ0Uva2R6+ul4mN9QfNJgo/bmI2uZhc8F3hXL3Osmk=", "last_login": null, "is_superuser": false, "username": "Lorence Mancenido", "first_name": "", "last_name": "", "email": "lorence.mancenido@cca.edu.ph", "is_staff": false, "is_active": true, "date_joined": "2025-10-02T12:50:07.739Z", "groups": [], "user_permissions": []}}, {"model": "auth.user", "pk": 85, "fields": {"password": "pbkdf2_sha256$870000$jSXglvmYY5yseyXDeug0zn$iQQNqzsn29nfjWOfFhRVF0G7kObrHq4tYB5pe7rwI4g=", "last_login": null, "is_superuser": false, "username": "richardbituonon", "first_name": "", "last_name": "", "email": "richard.bituonon@gmail.com", "is_staff": false, "is_active": true, "date_joined": "2025-10-02T18:12:49.459Z", "groups": [], "user_permissions": []}}, {"model": "auth.user", "pk": 86, "fields": {"password": "pbkdf2_sha256$870000$0qpSkCqVUbQlsyaIqrdCCR$LoTMzzuRFy/SSZYVirnYXIFiy8wbHsg2EaEjepf0LOc=", "last_login": "2025-10-02T18:33:51.137Z", "is_superuser": false, "username": "jadepuno8", "first_name": "", "last_name": "", "email": "jadepuno8@gmail.com", "is_staff": false, "is_active": true, "date_joined": "2025-10-02T18:20:55.855Z", "groups": [], "user_permissions": []}}, {"model": "auth.user", "pk": 87, "fields": {"password": "pbkdf2_sha256$870000$4ow73aAsf2KUtVEYOAOFCY$w0NoaipeztaoU8JOJQX3KwV3YxrJvkOz5rbQ0hMB2vM=", "last_login": null, "is_superuser": false, "username": "jeroldoyando", "first_name": "", "last_name": "", "email": "jeroldoyando@gmail.com", "is_staff": false, "is_active": true, "date_joined": "2025-10-02T18:23:52.395Z", "groups": [], "user_permissions": []}}, {"model": "auth.user", "pk": 88, "fields": {"password": "pbkdf2_sha256$870000$BSYCuAEIpEZqSSFymLtU9B$xoeC9NjJiOj1LgrjjjaBdqv8kPZElxBElXiVcy/oAvo=", "last_login": null, "is_superuser": false, "username": "johnrev", "first_name": "", "last_name": "", "email": "johnrev@gmail.com", "is_staff": false, "is_active": true, "date_joined": "2025-10-02T18:26:37.711Z", "groups": [], "user_permissions": []}}, {"model": "auth.user", "pk": 89, "fields": {"password": "pbkdf2_sha256$870000$8BJiItCyaoX51jydgAr6Sj$Vln4ZlKVKN6mU5oecE6v80KxiR9ch/vETJTk951TDA8=", "last_login": null, "is_superuser": false, "username": "aerondavecaligagan1", "first_name": "", "last_name": "", "email": "aerondave.caligagan1@cca.edu.ph", "is_staff": false, "is_active": true, "date_joined": "2025-10-02T18:32:37.815Z", "groups": [], "user_permissions": []}}, {"model": "auth.user", "pk": 93, "fields": {"password": "pbkdf2_sha256$870000$XRDPfSseiJ8FlTpSCYz5TX$2QmrHXAlTKnmNeqo5oow8MAZ2PTh7QkM7l2BckLbAps=", "last_login": "2025-11-06T18:26:31.067Z", "is_superuser": false, "username": "jadepuno", "first_name": "", "last_name": "", "email": "jade.puno@gmail.com", "is_staff": false, "is_active": true, "date_joined": "2025-10-03T11:58:14.018Z", "groups": [], "user_permissions": []}}, {"model": "auth.user", "pk": 95, "fields": {"password": "pbkdf2_sha256$870000$CHDphQN9bCK1CXHkP8aqu7$hHmBjH03PIyKU0W4d0wQsXFGt7DCA3M53eVydd6/tKE=", "last_login": "2025-11-02T15:17:21.540Z", "is_superuser": false, "username": "Albertoreyes", "first_name": "", "last_name": "", "email": "Alberto.reyes@gmail.com", "is_staff": false, "is_active": true, "date_joined": "2025-10-03T11:59:11.926Z", "groups": [], "user_permissions": []}}, {"model": "auth.user", "pk": 98, "fields": {"password": "pbkdf2_sha256$870000$swACR7JOvXU1CHJI4ef3p5$vFpuODLiTwt/iGueKFBL56/ndq5zjd/lqZh2hKBaoIw=", "last_login": "2025-11-04T04:58:16.886Z", "is_superuser": false, "username": "aeroncaligagan", "first_name": "", "last_name": "", "email": "aeroncaligagan@gmail.com", "is_staff": false, "is_active": true, "date_joined": "2025-10-09T15:34:17.380Z", "groups": [], "user_permissions": []}}, {"model": "auth.user", "pk": 99, "fields": {"password": "pbkdf2_sha256$870000$SCxWG37IfmUr0rYDB6ve9N$HcxIDsmrvoTFbFkIbu+snInRPJsQ87K8GOX5Kv2lKBI=", "last_login": "2025-11-06T18:49:43.560Z", "is_superuser": false, "username": "johnrevabanes", "first_name": "", "last_name": "", "email": "johnrevabanes@cca.edu.ph", "is_staff": false, "is_active": true, "date_joined": "2025-10-09T15:36:19.160Z", "groups": [], "user_permissions": []}}, {"model": "auth.user", "pk": 100, "fields": {"password": "pbkdf2_sha256$870000$bPXNxjJyGYXGVgHFelkBSW$cdWv/3hAWZ5NDJgTNcDAJwV2J5a/ugjMDwgQQxXfmJY=", "last_login": "2025-10-29T00:43:50.147Z", "is_superuser": false, "username": "jovicabique", "first_name": "", "last_name": "", "email": "jovicabique@cca.edu.ph", "is_staff": false, "is_active": true, "date_joined": "2025-10-09T15:37:12.562Z", "groups": [], "user_permissions": []}}, {"model": "auth.user", "pk": 101, "fields": {"password": "pbkdf2_sha256$870000$tWV11TV1AChFxwv8qaLAwL$1xBGfLMir0IMCwbUYucN8Dr818SUpiZ//tfwrLhwaP0=", "last_login": "2025-10-11T19:38:54.146Z", "is_superuser": false, "username": "manoyabuque", "first_name": "", "last_name": "", "email": "manoyabuque@cca.edu.ph", "is_staff": false, "is_active": true, "date_joined": "2025-10-09T15:38:15.646Z", "groups": [], "user_permissions": []}}, {"model": "auth.user", "pk": 102, "fields": {"password": "pbkdf2_sha256$870000$RPCrfrOY8DOdMlM8ZSCwNw$T0HjHas0WtWMly0lH70B+pv4n6SjvK6CbK2QucCHCfk=", "last_login": "2025-10-11T19:40:11.294Z", "is_superuser": false, "username": "racaelaalcibar", "first_name": "", "last_name": "", "email": "racaelaalcibar@cca.edu.ph", "is_staff": false, "is_active": true, "date_joined": "2025-10-09T15:39:17.967Z", "groups": [], "user_permissions": []}}, {"model": "auth.user", "pk": 103, "fields": {"password": "pbkdf2_sha256$870000$KhLpfN0spuS19medlxX995$DLpFc9ev9l0tbTh3QU7AdIO7ruNr1u1CCleqRcoD7DY=", "last_login": "2025-10-14T18:34:52.970Z", "is_superuser": false, "username": "froilanbaguio", "first_name": "", "last_name": "", "email": "froilanbaguio@cca.edu.ph", "is_staff": false, "is_active": true, "date_joined": "2025-10-09T15:40:20.463Z", "groups": [], "user_permissions": []}}, {"model": "auth.user", "pk": 104, "fields": {"password": "pbkdf2_sha256$870000$3iPQKGCXqXRmczzrx3DpCw$HItXokE2vagzcb1XoOqw+y3ufeeoIQ9mcWyV1jN/nJo=", "last_login": null, "is_superuser": false, "username": "paulinabatac", "first_name": "", "last_name": "", "email": "paulinabatac@cca.edu.ph", "is_staff": false, "is_active": true, "date_joined": "2025-10-09T15:41:56.897Z", "groups": [], "user_permissions": []}}, {"model": "auth.user", "pk": 105, "fields": {"password": "pbkdf2_sha256$870000$1Bf2wiiEGcu8B19HBqeI5R$70IInKRAyFTJtFAUvV3HEDSBnsbPfuhvBzFn7bo+7pU=", "last_login": "2025-10-13T05:16:31.779Z", "is_superuser": false, "username": "ibrahimbilda", "first_name": "", "last_name": "", "email": "ibrahimbilda@cca.edu.ph", "is_staff": false, "is_active": true, "date_joined": "2025-10-09T15:42:51.153Z", "groups": [], "user_permissions": []}}, {"model": "auth.user", "pk": 106, "fields": {"password": "pbkdf2_sha256$870000$Ya3WLLFBkt6sc4dOJOqu1t$xyj7dJxH0hqFcJeAiqWz2TfFcjHvztx0x5k64KXzoUk=", "last_login": "2025-10-26T14:06:36.663Z", "is_superuser": false, "username": "sylvesterbustos", "first_name": "", "last_name": "", "email": "sylvesterbustos@cca.edu.ph", "is_staff": false, "is_active": true, "date_joined": "2025-10-09T15:43:43.221Z", "groups": [], "user_permissions": []}}, {"model": "auth.user", "pk": 107, "fields": {"password": "pbkdf2_sha256$870000$mm6OqkZKQQ6Z2E2G3pmBoJ$9IzFid+OLN3RVWgYcpCm+uvnEJS88GyRSM0V/ZkUv2M=", "last_login": "2025-10-10T16:24:15.572Z", "is_superuser": false, "username": "johncalalo", "first_name": "", "last_name": "", "email": "johncalalo@cca.edu.ph", "is_staff": false, "is_active": true, "date_joined": "2025-10-09T15:44:33.694Z", "groups": [], "user_permissions": []}}, {"model": "auth.user", "pk": 108, "fields": {"password": "pbkdf2_sha256$870000$g2SMlSzrh5yqaoE8RePEPg$N2LFdnFtBlI6tVCTscgIagXFU2oiJ69Cqsm1FPUfswU=", "last_login": "2025-10-13T05:18:22.935Z", "is_superuser": false, "username": "clarkcaylao", "first_name": "", "last_name": "", "email": "clarkcaylao@cca.edu.ph", "is_staff": false, "is_active": true, "date_joined": "2025-10-09T15:45:30.051Z", "groups": [], "user_permissions": []}}, {"model": "auth.user", "pk": 109, "fields": {"password": "pbkdf2_sha256$870000$RmRHW78QPKjU9gOaPLzari$4jsKfK3/3EPhTq40XqyTyPrRGicF/k9TThIA5QBiIXo=", "last_login": null, "is_superuser": false, "username": "jowardclaudio", "first_name": "", "last_name": "", "email": "jowardclaudio@cca.edu.ph", "is_staff": false, "is_active": true, "date_joined": "2025-10-09T15:47:03.783Z", "groups": [], "user_permissions": []}}, {"model": "auth.user", "pk": 110, "fields": {"password": "pbkdf2_sha256$870000$m7NQ4kBmoDJkkBJiAICtZC$RPMPqW4y62tfFvNyWS9gkMARd07eLBoyNRlrFKcKjx4=", "last_login": null, "is_superuser": false, "username": "rafaeldavid", "first_name": "", "last_name": "", "email": "rafaeldavid@cca.edu.ph", "is_staff": false, "is_active": true, "date_joined": "2025-10-09T15:47:46.339Z", "groups": [], "user_permissions": []}}, {"model": "auth.user", "pk": 111, "fields": {"password": "pbkdf2_sha256$870000$5CUGum44e51qe8SwDASlEb$mKX21h/wW5aQ09qK85rr7vZZf1K72RL1UgEYiOIARAU=", "last_login": null, "is_superuser": false, "username": "fritzdiaz", "first_name": "", "last_name": "", "email": "fritzdiaz@cca.edu.ph", "is_staff": false, "is_active": true, "date_joined": "2025-10-09T15:48:54.552Z", "groups": [], "user_permissions": []}}, {"model": "auth.user", "pk": 112, "fields": {"password": "pbkdf2_sha256$870000$nXxTv33Xov88pQDlxt5ZJA$wb1p4bsSsZWO5ZXGTF1Xf9IagT/KU5UaezC1jLfvwug=", "last_login": null, "is_superuser": false, "username": "preciousflores", "first_name": "", "last_name": "", "email": "preciousflores@cca.edu.ph", "is_staff": false, "is_active": true, "date_joined": "2025-10-09T15:49:51.265Z", "groups": [], "user_permissions": []}}, {"model": "auth.user", "pk": 113, "fields": {"password": "pbkdf2_sha256$870000$n8v4SGw69xKKFpVY64tW3k$dfEF8vQNjV5pPYKbXcTYsYQnHHExsAthKJxeM9rRKUc=", "last_login": null, "is_superuser": false, "username": "ruizgaton", "first_name": "", "last_name": "", "email": "ruizgaton@cca.edu.ph", "is_staff": false, "is_active": true, "date_joined": "2025-10-09T15:50:48.607Z", "groups": [], "user_permissions": []}}, {"model": "auth.user", "pk": 114, "fields": {"password": "pbkdf2_sha256$870000$sA6WyUHFK2ZkmZYjMyiS89$7j8+Irbv/u0zXP3nxEisggAtq/A6yNG87E+9ZtmOjOk=", "last_login": null, "is_superuser": false, "username": "shamellehay", "first_name": "", "last_name": "", "email": "shamellehay@cca.edu.ph", "is_staff": false, "is_active": true, "date_joined": "2025-10-09T15:51:45.802Z", "groups": [], "user_permissions": []}}, {"model": "auth.user", "pk": 115, "fields": {"password": "pbkdf2_sha256$870000$cy102wkEz3zWQV42zZps0J$lhAcfSx0XV6lEd0pgLRLND4lrmIRRjCsymy23kpv1oc=", "last_login": null, "is_superuser": false, "username": "ianilao", "first_name": "", "last_name": "", "email": "ianilao@cca.edu.ph", "is_staff": false, "is_active": true, "date_joined": "2025-10-09T15:52:41.235Z", "groups": [], "user_permissions": []}}, {"model": "auth.user", "pk": 116, "fields": {"password": "pbkdf2_sha256$870000$exNw3iFICGh8sWN29MxhoL$UMpupddGuslXRHQ0fl+HwYcFifhpc4VwkzNylqofXO0=", "last_login": null, "is_superuser": false, "username": "jimuellagman", "first_name": "", "last_name": "", "email": "jimuellagman@cca.edu.ph", "is_staff": false, "is_active": true, "date_joined": "2025-10-09T15:53:19.059Z", "groups": [], "user_permissions": []}}, {"model": "auth.user", "pk": 117, "fields": {"password": "pbkdf2_sha256$870000$PM4fRbi3CCRrOBkWv99qK5$BshDtrQ7KzTDCdmB4FN4T8yleEZlRd8idY7TIZ75xyg=", "last_login": null, "is_superuser": false, "username": "clydelubat", "first_name": "", "last_name": "", "email": "clydelubat@cca.edu.ph", "is_staff": false, "is_active": true, "date_joined": "2025-10-09T15:54:21.168Z", "groups": [], "user_permissions": []}}, {"model": "auth.user", "pk": 119, "fields": {"password": "pbkdf2_sha256$870000$U7fe5eHNsVsOFggdh3Kq5L$6L/raseE8SJSmzWXko3G1IEZfHzu1SXD107gpHezGIg=", "last_login": null, "is_superuser": false, "username": "lorencemancenido", "first_name": "", "last_name": "", "email": "lorencemancenido@cca.edu.ph", "is_staff": false, "is_active": true, "date_joined": "2025-10-09T15:55:48.041Z", "groups": [], "user_permissions": []}}, {"model": "auth.user", "pk": 120, "fields": {"password": "pbkdf2_sha256$870000$zd5sEmswbYQgb7wJopt4ts$ltsuACN/fJNAQE+HKEM6SAiQysXTv5y6QO8GYX5/BOI=", "last_login": null, "is_superuser": false, "username": "christianmangalao", "first_name": "", "last_name": "", "email": "christianmangalao@cca.edu.ph", "is_staff": false, "is_active": true, "date_joined": "2025-10-09T15:56:40.583Z", "groups": [], "user_permissions": []}}, {"model": "auth.user", "pk": 121, "fields": {"password": "pbkdf2_sha256$870000$iQnufC2TTtrRrsMCCvOHfi$gWOZNgqiWmjBIwSKN2YK4LRdKgdUzd+RCxp69CNMF2o=", "last_login": null, "is_superuser": false, "username": "marlonmiranda", "first_name": "", "last_name": "", "email": "marlonmiranda@cca.edu.ph", "is_staff": false, "is_active": true, "date_joined": "2025-10-09T15:57:31.349Z", "groups": [], "user_permissions": []}}, {"model": "auth.user", "pk": 122, "fields": {"password": "pbkdf2_sha256$870000$mUCW9ZcUpmStRquYi1bj4i$uoufiGLft6KTcgw39iCU6LWKzYS1LE1pBAw502+veTY=", "last_login": null, "is_superuser": false, "username": "christopheromania", "first_name": "", "last_name": "", "email": "christopheromania@cca.edu.ph", "is_staff": false, "is_active": true, "date_joined": "2025-10-09T15:58:37.476Z", "groups": [], "user_permissions": []}}, {"model": "auth.user", "pk": 123, "fields": {"password": "pbkdf2_sha256$870000$5ceSXkVDTTynNoyYI19X6L$01lcmD8f2EbRsgoJUKaPmQpHrwPu27xeejnSsQj919U=", "last_login": "2025-10-14T23:33:03.597Z", "is_superuser": false, "username": "jeroldoyando1", "first_name": "", "last_name": "", "email": "jeroldoyando@cca.edu.ph", "is_staff": false, "is_active": true, "date_joined": "2025-10-09T15:59:22.293Z", "groups": [], "user_permissions": []}}, {"model": "auth.user", "pk": 124, "fields": {"password": "pbkdf2_sha256$870000$1DgYxw2KXWsqPfUNBEbmey$KjVKXenc93lyGwWV94xRi+rrG8XExM3OVDZUIrxO4BY=", "last_login": null, "is_superuser": false, "username": "anthonyplanos", "first_name": "", "last_name": "", "email": "anthonyplanos@cca.edu.ph", "is_staff": false, "is_active": true, "date_joined": "2025-10-09T16:00:17.780Z", "groups": [], "user_permissions": []}}, {"model": "auth.user", "pk": 125, "fields": {"password": "pbkdf2_sha256$870000$GUgnMTHprU1u7b1xF7vxwb$z6tdA+dO++LURDqQP7zwgWvHgp8H3Gm2O25frbgYEnE=", "last_login": null, "is_superuser": false, "username": "rainersanchez", "first_name": "", "last_name": "", "email": "rainersanchez@cca.edu.ph", "is_staff": false, "is_active": true, "date_joined": "2025-10-09T16:00:59.881Z", "groups": [], "user_permissions": []}}, {"model": "auth.user", "pk": 126, "fields": {"password": "pbkdf2_sha256$870000$H3gDvWG32Wg76M7gapInX7$cpm3rEGpD6d+HgKB981o7BCR44KkNWIeURcf3+l/mUU=", "last_login": null, "is_superuser": false, "username": "machristinasoriano", "first_name": "", "last_name": "", "email": "machristinasoriano@cca.edu.ph", "is_staff": false, "is_active": true, "date_joined": "2025-10-09T16:01:55.180Z", "groups": [], "user_permissions": []}}, {"model": "auth.user", "pk": 127, "fields": {"password": "pbkdf2_sha256$870000$hQ8HodAI9SZa1AyNBrvHZH$qSUwccn7XIPuIGXO7mkBJ4KtLEejmRZLBmqossx+z2c=", "last_login": null, "is_superuser": false, "username": "paultegio", "first_name": "", "last_name": "", "email": "paultegio@cca.edu.ph", "is_staff": false, "is_active": true, "date_joined": "2025-10-09T16:02:51.723Z", "groups": [], "user_permissions": []}}, {"model": "auth.user", "pk": 128, "fields": {"password": "pbkdf2_sha256$870000$DNTfAyM7Moa3dmdvzXUGyP$MF4sDv+QI+vs7k3H1ZHwpfTupd2Vl288vDoijINnRf8=", "last_login": null, "is_superuser": false, "username": "floriantubiera", "first_name": "", "last_name": "", "email": "floriantubiera@cca.edu.ph", "is_staff": false, "is_active": true, "date_joined": "2025-10-09T16:03:33.038Z", "groups": [], "user_permissions": []}}, {"model": "auth.user", "pk": 129, "fields": {"password": "pbkdf2_sha256$870000$YI3YcB6bMSiqmNU7yXutUc$grW3wWJTLSRFwujSEdkQNdKfM2yaCLg7nF/H3zQWPGA=", "last_login": "2025-10-30T15:45:55.082Z", "is_superuser": false, "username": "marksebastian", "first_name": "", "last_name": "", "email": "marksebastian@gmail.com", "is_staff": false, "is_active": true, "date_joined": "2025-10-09T16:06:01.408Z", "groups": [], "user_permissions": []}}, {"model": "auth.user", "pk": 130, "fields": {"password": "pbkdf2_sha256$870000$Qs0WZadPMmsagoiw1YjrUn$2YJhbkmHRh81Mwg1xlHbtoVSBVShMUSFWv0gkRyAFuE=", "last_login": null, "is_superuser": false, "username": "paulomadrigal", "first_name": "", "last_name": "", "email": "paulomadrigal@gmail.com", "is_staff": false, "is_active": true, "date_joined": "2025-10-09T16:07:13.910Z", "groups": [], "user_permissions": []}}, {"model": "auth.user", "pk": 131, "fields": {"password": "pbkdf2_sha256$870000$cRjGB40LwGAY7ELIEcQlrM$up1zea36+blGUL75fgRDFijj8dMsEKkhcc9zSeFJJog=", "last_login": null, "is_superuser": false, "username": "sethrodrigo", "first_name": "", "last_name": "", "email": "sethrodrigo@gmail.com", "is_staff": false, "is_active": true, "date_joined": "2025-10-09T16:08:49.977Z", "groups": [], "user_permissions": []}}, {"model": "auth.user", "pk": 132, "fields": {"password": "pbkdf2_sha256$870000$wcMJrFqqb0mJztyXDurfHz$YfawmvjBYUeSDvLp5Qh5wMxN55zNp7ww96a5FwrDsUQ=", "last_login": null, "is_superuser": false, "username": "jonathantupaz", "first_name": "", "last_name": "", "email": "jonathantupaz@gmail.com", "is_staff": false, "is_active": true, "date_joined": "2025-10-09T16:09:29.240Z", "groups": [], "user_permissions": []}}, {"model": "auth.user", "pk": 133, "fields": {"password": "pbkdf2_sha256$870000$y4ghhER2OFgc0UUKDOJF9z$GzhJXFCkdJruhLe4Lzz1tf4//X7ML1d7ihZ7Wu978ro=", "last_login": null, "is_superuser": false, "username": "patriciamuldong", "first_name": "", "last_name": "", "email": "patriciamuldong@gmail.com", "is_staff": false, "is_active": true, "date_joined": "2025-10-09T16:11:51.991Z", "groups": [], "user_permissions": []}}, {"model": "auth.user", "pk": 134, "fields": {"password": "pbkdf2_sha256$870000$6OgBorLkFR1XzSsy7N2cM4$i6zu580Xf1VoPqtOTGGDMW84WZpeOr9Q1aeP0rk0o2c=", "last_login": null, "is_superuser": false, "username": "shanonticse", "first_name": "", "last_name": "", "email": "shanonticse@gmail.com", "is_staff": false, "is_active": true, "date_joined": "2025-10-09T16:12:24.877Z", "groups": [], "user_permissions": []}}, {"model": "auth.user", "pk": 135, "fields": {"password": "pbkdf2_sha256$870000$gahO3fiz3xowRekLCZ5LG5$kr9vsz/B0IK3AEBGril2qYGRml+73uy2ygRuKV6lSck=", "last_login": "2025-10-29T02:19:25.596Z", "is_superuser": false, "username": "johnmarko", "first_name": "", "last_name": "", "email": "johnmarko@cca.edu.ph", "is_staff": false, "is_active": true, "date_joined": "2025-10-29T02:18:05.738Z", "groups": [], "user_permissions": []}}, {"model": "auth.user", "pk": 136, "fields": {"password": "pbkdf2_sha256$870000$lrgSXNnz5BKkomynkAHtLJ$gYbdiprwYUPo+X/maD69Ue2t0bN+wg9oxvIhVBshZ/I=", "last_login": "2025-10-29T03:13:27.420Z", "is_superuser": false, "username": "markponce", "first_name": "", "last_name": "", "email": "markponce@cca.edu.ph", "is_staff": false, "is_active": true, "date_joined": "2025-10-29T03:12:08.538Z", "groups": [], "user_permissions": []}}, {"model": "auth.user", "pk": 138, "fields": {"password": "pbkdf2_sha256$870000$RLJL1IM7nQamhtpj5rVtY2$lt3GvBOzwNXzrRR6058UWBe8ghlcUMihDFJX2uuVFIw=", "last_login": "2025-10-29T03:57:48.877Z", "is_superuser": false, "username": "johnmark", "first_name": "", "last_name": "", "email": "johnmark@cca.edu.ph", "is_staff": false, "is_active": true, "date_joined": "2025-10-29T03:56:42.165Z", "groups": [], "user_permissions": []}}, {"model": "auth.user", "pk": 140, "fields": {"password": "pbkdf2_sha256$870000$DXD00mqig1SkpU81pMynTK$O5z59RJVv8WaFhs8Wxn8fRwabJ2Ku8JDAWdwTG11tWY=", "last_login": null, "is_superuser": false, "username": "richardbituonon1", "first_name": "", "last_name": "", "email": "richardbituonon@cca.edu.ph", "is_staff": false, "is_active": true, "date_joined": "2025-10-31T12:32:39.477Z", "groups": [], "user_permissions": []}}, {"model": "contenttypes.contenttype", "pk": 1, "fields": {"app_label": "admin", "model": "logentry"}}, {"model": "contenttypes.contenttype", "pk": 2, "fields": {"app_label": "auth", "model": "permission"}}, {"model": "contenttypes.contenttype", "pk": 3, "fields": {"app_label": "auth", "model": "group"}}, {"model": "contenttypes.contenttype", "pk": 4, "fields": {"app_label": "auth", "model": "user"}}, {"model": "contenttypes.contenttype", "pk": 5, "fields": {"app_label": "contenttypes", "model": "contenttype"}}, {"model": "contenttypes.contenttype", "pk": 6, "fields": {"app_label": "sessions", "model": "session"}}, {"model": "contenttypes.contenttype", "pk": 7, "fields": {"app_label": "main", "model": "teacher"}}, {"model": "contenttypes.contenttype", "pk": 8, "fields": {"app_label": "main", "model": "evaluation"}}, {"model": "contenttypes.contenttype", "pk": 9, "fields": {"app_label": "main", "model": "rating"}}, {"model": "contenttypes.contenttype", "pk": 10, "fields": {"app_label": "main", "model": "userprofile"}}, {"model": "contenttypes.contenttype", "pk": 11, "fields": {"app_label": "register", "model": "customuser"}}, {"model": "contenttypes.contenttype", "pk": 12, "fields": {"app_label": "main", "model": "coordinator"}}, {"model": "contenttypes.contenttype", "pk": 13, "fields": {"app_label": "main", "model": "evaluationresponse"}}, {"model": "contenttypes.contenttype", "pk": 14, "fields": {"app_label": "main", "model": "subjectmastery"}}, {"model": "contenttypes.contenttype", "pk": 15, "fields": {"app_label": "main", "model": "evaluationquestion"}}, {"model": "contenttypes.contenttype", "pk": 16, "fields": {"app_label": "main", "model": "airecommendation"}}, {"model": "contenttypes.contenttype", "pk": 17, "fields": {"app_label": "main", "model": "section"}}, {"model": "contenttypes.contenttype", "pk": 18, "fields": {"app_label": "main", "model": "usersectionassignment"}}, {"model": "contenttypes.contenttype", "pk": 19, "fields": {"app_label": "main", "model": "sectionassignment"}}, {"model": "contenttypes.contenttype", "pk": 20, "fields": {"app_label": "main", "model": "evaluationfailurelog"}}, {"model": "contenttypes.contenttype", "pk": 21, "fields": {"app_label": "main", "model": "evaluationcomment"}}, {"model": "contenttypes.contenttype", "pk": 22, "fields": {"app_label": "main", "model": "evaluationresult"}}, {"model": "contenttypes.contenttype", "pk": 23, "fields": {"app_label": "main", "model": "evaluationperiod"}}, {"model": "contenttypes.contenttype", "pk": 24, "fields": {"app_label": "main", "model": "adminactivitylog"}}, {"model": "sessions.session", "pk": "098102881mzpah5trqox64byjtu3aozk", "fields": {"session_data": ".eJxVjDsOwjAQBe_iGln-W6ak5wzWeneNA8iR4qRC3B0ipYD2zcx7iQzb2vI2eMkTibNwWpx-xwL44L4TukO_zRLnvi5TkbsiDzrkdSZ-Xg7376DBaN_aJ2sMcFBBu1JTUt4ZY4g8BPS2qsqKYyRtsQZEpaKJWK2mEjQ4tl68P-9XN8I:1tyDDa:DPDCKMy2k2Ox7ujGh_i7NnwdOPOxMR4hOwC5KpCDUQM", "expire_date": "2025-03-28T17:10:07.411Z"}}, {"model": "sessions.session", "pk": "26m5fmtq874u4egljlpq04hxg1stxdwf", "fields": {"session_data": ".eJxVjEEOwiAQRe_C2pAOCAwu3fcMZIBBqoYmpV0Z765NutDtf-_9lwi0rTVsnZcwZXERIE6_W6T04LaDfKd2m2Wa27pMUe6KPGiX45z5eT3cv4NKvX7rwWFyWIzSbC0ltNoOJmrvzBk4uaK1UWDRG1WA0EMkdAhQvPMpZi7i_QGzNzcI:1tyDH5:IN5ds2IuAVi53658Zym7ZYg5Z1XzKD55886DqGEI_uE", "expire_date": "2025-03-28T17:13:44.915Z"}}, {"model": "sessions.session", "pk": "2c8axrtdevz0tl8bc9kkutqwkzsa0icy", "fields": {"session_data": "e30:1v21ly:Yibt77Yya724kTsGufHpa2XYgUbcWbhdYuXVX4TQgYA", "expire_date": "2025-10-10T06:17:38.826Z"}}, {"model": "sessions.session", "pk": "3oqax35d9gfj6kzothy53hzlre2ggxxx", "fields": {"session_data": ".eJxVjEEOwiAQRe_C2pAOCAwu3fcMZIBBqoYmpV0Z765NutDtf-_9lwi0rTVsnZcwZXERIE6_W6T04LaDfKd2m2Wa27pMUe6KPGiX45z5eT3cv4NKvX7rwWFyWIzSbC0ltNoOJmrvzBk4uaK1UWDRG1WA0EMkdAhQvPMpZi7i_QGzNzcI:1tyDCP:s1PwdQdNGW8ESW5cSa_K7XcbeQaT1FM48Pwk0zODCaY", "expire_date": "2025-03-28T17:08:54.182Z"}}, {"model": "sessions.session", "pk": "4z50mietgn9s05yip0pip8jzkhthn4ot", "fields": {"session_data": ".eJxVjDsOwjAQBe_iGlnr4A-mpOcM1q69iwPIkeKkQtwdIqWA9s3Me6mE61LT2nlOY1FnZdThdyPMD24bKHdst0nnqS3zSHpT9E67vk6Fn5fd_Tuo2Ou3BufohBnQx2gwAApAlighW0sU7ACOhH20Rw_FxAHYFQlexAEVg6zeH-H-OCY:1vH53P:wwFtJpGQIdASwRhIvTrlaYCUbGJ7UhdRtUjGSo-mu18", "expire_date": "2025-11-20T18:49:51.397Z"}}, {"model": "sessions.session", "pk": "65inygde7evdsaikek8bqjjsxtpb1zwo", "fields": {"session_data": "e30:1v21oc:m4RGBJndlJ4UZksUd7AWpZuua3gVBQ5wEOkE5vzUyFQ", "expire_date": "2025-10-10T06:20:22.638Z"}}, {"model": "sessions.session", "pk": "7tmo4d7g1yl1736zdhp6gour06fih8xv", "fields": {"session_data": "e30:1v4FEH:dVMvIpwDZtcNm2wrSUncmIT_QySC1KYAfpN5w7sVfgs", "expire_date": "2025-10-16T09:04:01.080Z"}}, {"model": "sessions.session", "pk": "7y1ui2gv46gzfxbyi2fmyv7luqphgaqk", "fields": {"session_data": ".eJxVjEEOwiAQRe_C2pAOCAwu3fcMZIBBqoYmpV0Z765NutDtf-_9lwi0rTVsnZcwZXERIE6_W6T04LaDfKd2m2Wa27pMUe6KPGiX45z5eT3cv4NKvX7rwWFyWIzSbC0ltNoOJmrvzBk4uaK1UWDRG1WA0EMkdAhQvPMpZi7i_QGzNzcI:1tyDI2:QpEMbik4x4A73AK9949vdMvaM8VU3D9yLXsPFJKvlJA", "expire_date": "2025-03-28T17:14:43.750Z"}}, {"model": "sessions.session", "pk": "8sykxo7gl0wskabsc5zhuls8eeng05yq", "fields": {"session_data": ".eJxVjLsKgzAARf8lcwnGmFdHoRSh3fqALiFPtZakmIhD6b9XwaXrPefcD5AmjT7HwQWwB-Hduvtc43is_dyz60PcipSHhl6q6RSaA9gBqabcySm5UfZ2SdD_ppVZrlZgnyq0EZoY8thruCpwowmeo3WvenP_DjqVuqUuGDeMe1JiR6kynGJaEI0FIxVyhnmMSYkoF6T0SHGBtOKMI-QFE0Zb58H3BwZURwo:1tyDNC:kdwWXDjg9vPkTD9bcS7apUED_zojHS4Houm3krFNXPE", "expire_date": "2025-04-11T17:20:02.207Z"}}, {"model": "sessions.session", "pk": "8uukrdlw4aion08fk49qi0065mfl5zko", "fields": {"session_data": "e30:1v1jDk:eCk5DKEMxCho1Wjv5sWedIpnXxbhi_6kGZUq45H_SrQ", "expire_date": "2025-10-09T10:29:04.079Z"}}, {"model": "sessions.session", "pk": "ai4s9ogbfipi9smlusqgnwmupch7zm11", "fields": {"session_data": ".eJxVjMsOwiAQRf-FtSG8Cy7d-w1kmAGpGkhKuzL-uzbpQrf3nHNfLMK21riNvMSZ2JlJdvrdEuAjtx3QHdqtc-xtXebEd4UfdPBrp_y8HO7fQYVRvzWGAl4Eb3UxwpYJNE5CJ2_BSICgVJaILqBxUNBqiY4Ai0KJPjkizd4f59g4iA:1u1UwH:rjiddineqj7hmWun5v0Ufsbu2CaGNR34D_sM1KILWz4", "expire_date": "2025-04-20T18:41:49.374Z"}}, {"model": "sessions.session", "pk": "cl35ijfvm4anj7x979dfggtu8cz2f12k", "fields": {"session_data": ".eJxVjDsOwyAQBe9CHaHlozWkTJ8zoIXFwUkEkrErK3ePLblI2jczbxOB1qWEtec5TCyuAq24_I6R0ivXg_CT6qPJ1OoyT1Eeijxpl_fG-X073b-DQr3sdYwMlAefmEArpy2NVqF3aBGcMpAtozOjB50og0KFQ0qGd99EIO3E5wsF6zfG:1u6WNT:QcElFIRIeto22BBfUkttY4gz1n0Fp1vL-em_DcvxX9s", "expire_date": "2025-05-04T15:14:39.381Z"}}, {"model": "sessions.session", "pk": "d4sjt9t2nmrbz5ks7adnjg31unv9peds", "fields": {"session_data": "e30:1v4FHS:0MPCEJx8cvRcGTlJHDrU7Mz3gX2J7d2-7s8Z9LzvTBg", "expire_date": "2025-10-16T09:07:18.192Z"}}, {"model": "sessions.session", "pk": "d5kwjsptyy6t2nezx30pytd1m0sex3uj", "fields": {"session_data": ".eJxVjMsOwiAQRf-FtSG8Cy7d-w1kmAGpGkhKuzL-uzbpQrf3nHNfLMK21riNvMSZ2JlJdvrdEuAjtx3QHdqtc-xtXebEd4UfdPBrp_y8HO7fQYVRvzWGAl4Eb3UxwpYJNE5CJ2_BSICgVJaILqBxUNBqiY4Ai0KJPjkizd4f59g4iA:1u1sZa:ibXWwF4Rf2aUW9sQ-SAhr7i2ZQB2hvtyzD1tx31EqB0", "expire_date": "2025-04-21T19:55:58.051Z"}}, {"model": "sessions.session", "pk": "d8mk04nmns7d3rd2i2vpe3r6s4rmf8hq", "fields": {"session_data": ".eJxVjEEOwiAQRe_C2pAOCAwu3fcMZIBBqoYmpV0Z765NutDtf-_9lwi0rTVsnZcwZXERIE6_W6T04LaDfKd2m2Wa27pMUe6KPGiX45z5eT3cv4NKvX7rwWFyWIzSbC0ltNoOJmrvzBk4uaK1UWDRG1WA0EMkdAhQvPMpZi7i_QGzNzcI:1u00Bc:aGhYQ5V_JaFdEZHfCcXg5IsTmK1gckx-xtzlNO7KAdU", "expire_date": "2025-04-16T15:39:28.566Z"}}, {"model": "sessions.session", "pk": "f6nv8gdlvnp66d5vl6r6dmliw2vfvzyo", "fields": {"session_data": ".eJxVjMsOwiAQRf-FtSG8Cy7d-w1kmAGpGkhKuzL-uzbpQrf3nHNfLMK21riNvMSZ2JlJdvrdEuAjtx3QHdqtc-xtXebEd4UfdPBrp_y8HO7fQYVRvzWGAl4Eb3UxwpYJNE5CJ2_BSICgVJaILqBxUNBqiY4Ai0KJPjkizd4f59g4iA:1u19RM:0FIWxVY-ulGYgHT6ZJfU3-hOYySK_5SP078Nis8KEWY", "expire_date": "2025-04-19T19:44:28.694Z"}}, {"model": "sessions.session", "pk": "gtn1no407ws3nnuanrflrtgidab6xnuk", "fields": {"session_data": ".eJxVjEEOwiAQRe_C2pAOCAwu3fcMZIBBqoYmpV0Z765NutDtf-_9lwi0rTVsnZcwZXERIE6_W6T04LaDfKd2m2Wa27pMUe6KPGiX45z5eT3cv4NKvX7rwWFyWIzSbC0ltNoOJmrvzBk4uaK1UWDRG1WA0EMkdAhQvPMpZi7i_QGzNzcI:1tyDHB:00E2skKVkJiGrHX5BzOxom8_ojEgrv4AdK8vZWkRrS0", "expire_date": "2025-03-28T17:13:50.458Z"}}, {"model": "sessions.session", "pk": "gwc9bwyf36072z22oldadh5zljy5brm2", "fields": {"session_data": ".eJxVjMkKwjAABf8lZylNYzaPKoqoCEXPIWvTxQSa1ov477bQS69vZt4XCJ16N8TWBrAD14d8q0P4uCo_Np1np_OrLml7wU91K1EkYAOEHAcvxmR7UZspgetNST1dzcA0MlQx0zEMfa2yWckWmrJ7NLbbL-7qwMvkpzqnTFPmcIEsIVIzgkiOFeIUb6HV1CGEC0gYx4WDknGoJKMMQscp18pYB35_yEZGtQ:1tyDLl:sC2y6dlyvvcwDclbqpuVZrodoAtELCpB6VXSEWvg2xk", "expire_date": "2025-04-11T17:18:33.929Z"}}, {"model": "sessions.session", "pk": "h0t2xl1x0tgmv6rfd8mnypctaehtm5lo", "fields": {"session_data": ".eJxVjMsOwiAQRf-FtSG8Cy7d-w1kmAGpGkhKuzL-uzbpQrf3nHNfLMK21riNvMSZ2JlJdvrdEuAjtx3QHdqtc-xtXebEd4UfdPBrp_y8HO7fQYVRvzWGAl4Eb3UxwpYJNE5CJ2_BSICgVJaILqBxUNBqiY4Ai0KJPjkizd4f59g4iA:1u19TJ:z1pFTe3bENfpHRw83K0SyilmuZ58On7I9hWLiCHA3Go", "expire_date": "2025-04-19T19:46:29.170Z"}}, {"model": "sessions.session", "pk": "i73tln3xfr69xkg0zn123py10qwhwkpy", "fields": {"session_data": ".eJxVjEEOwiAQRe_C2pAOCAwu3fcMZIBBqoYmpV0Z765NutDtf-_9lwi0rTVsnZcwZXERIE6_W6T04LaDfKd2m2Wa27pMUe6KPGiX45z5eT3cv4NKvX7rwWFyWIzSbC0ltNoOJmrvzBk4uaK1UWDRG1WA0EMkdAhQvPMpZi7i_QGzNzcI:1tyDE9:FhB7IRor_QyIxmP2LKBdO2F9EOapg4v7USHoI_wi3y4", "expire_date": "2025-03-28T17:10:42.727Z"}}, {"model": "sessions.session", "pk": "iqi073cdar8z7fb9l7le767p97xpqh88", "fields": {"session_data": ".eJxVjMEOwiAQRP-FsyENwhY8evcbyLK7SNVAUtqT8d9tkx70OPPezFtFXJcS1y5znFhdFIzq9FsmpKfUnfAD671panWZp6R3RR-061tjeV0P9--gYC_b-gwBOTk_ZMMAQiA-OetdYgwZSYL1kN1IPlkesqMtGRBhMsFnZ436fAEtqjj6:1uJudD:BpTHK9kyK9A9UPA5SNbE5UVwc71mMpBJiJpjLHUlpCs", "expire_date": "2025-06-10T13:46:15.922Z"}}, {"model": "sessions.session", "pk": "k8bxa4zszyrxdk1nnwympty9glz78wu0", "fields": {"session_data": ".eJxVjDsOwjAQBe_iGln-W6ak5wzWeneNA8iR4qRC3B0ipYD2zcx7iQzb2vI2eMkTibNwWpx-xwL44L4TukO_zRLnvi5TkbsiDzrkdSZ-Xg7376DBaN_aJ2sMcFBBu1JTUt4ZY4g8BPS2qsqKYyRtsQZEpaKJWK2mEjQ4tl68P-9XN8I:1tyDDi:lC8K2Qx5804rGRl8xG2FTc5SBD5qTqZqR1ofDc9FPx4", "expire_date": "2025-03-28T17:10:15.843Z"}}, {"model": "sessions.session", "pk": "kyw77mli90f3wbxbpgcqht43gq0l1bu2", "fields": {"session_data": ".eJxVjEEOwiAQRe_C2pAOCAwu3fcMZIBBqoYmpV0Z765NutDtf-_9lwi0rTVsnZcwZXERIE6_W6T04LaDfKd2m2Wa27pMUe6KPGiX45z5eT3cv4NKvX7rwWFyWIzSbC0ltNoOJmrvzBk4uaK1UWDRG1WA0EMkdAhQvPMpZi7i_QGzNzcI:1tyD87:3z19s8X-1uSnPXfPYCVci8p60ySWP_aIQ9jlDrndJqY", "expire_date": "2025-04-11T17:04:27.029Z"}}, {"model": "sessions.session", "pk": "ls251prh98oznnm04qpwbifd8pfg32b5", "fields": {"session_data": ".eJxVjEEOwiAQRe_C2pAOCAwu3fcMZIBBqoYmpV0Z765NutDtf-_9lwi0rTVsnZcwZXERIE6_W6T04LaDfKd2m2Wa27pMUe6KPGiX45z5eT3cv4NKvX7rwWFyWIzSbC0ltNoOJmrvzBk4uaK1UWDRG1WA0EMkdAhQvPMpZi7i_QGzNzcI:1tyDOq:abCC1saiyesgsvD8ybvnPOUT-DGzYiS7bNe6SJEz-5c", "expire_date": "2025-03-28T17:21:45.802Z"}}, {"model": "sessions.session", "pk": "lufzctdjbtbxinvi2nfjeis74ujqio4d", "fields": {"session_data": "e30:1tyCJT:On-rMiDKPfJeFEIJlvrZSR4avJxq3dUHR_WHEiCbKv8", "expire_date": "2025-04-11T16:12:07.713Z"}}, {"model": "sessions.session", "pk": "ma07wu9klswp5w85poont8idf47t0kyr", "fields": {"session_data": ".eJxVjDsOwjAQBe_iGln-W6ak5wzWeneNA8iR4qRC3B0ipYD2zcx7iQzb2vI2eMkTibNwWpx-xwL44L4TukO_zRLnvi5TkbsiDzrkdSZ-Xg7376DBaN_aJ2sMcFBBu1JTUt4ZY4g8BPS2qsqKYyRtsQZEpaKJWK2mEjQ4tl68P-9XN8I:1tyDDE:TV-ic_5Wa4GfKIuCRuJgmp4Ir6W9_4xnir8b7tV00a8", "expire_date": "2025-03-28T17:09:45.692Z"}}, {"model": "sessions.session", "pk": "n8zolbcy0t07ucrmnkwcms31jra9r1wu", "fields": {"session_data": ".eJxVjEEOwiAQRe_C2pAOCAwu3fcMZIBBqoYmpV0Z765NutDtf-_9lwi0rTVsnZcwZXERIE6_W6T04LaDfKd2m2Wa27pMUe6KPGiX45z5eT3cv4NKvX7rwWFyWIzSbC0ltNoOJmrvzBk4uaK1UWDRG1WA0EMkdAhQvPMpZi7i_QGzNzcI:1tyDOf:flCMmKqNnuC_mrnGsaXoEu3Slp_GCG5ypwYr_61AAVY", "expire_date": "2025-03-28T17:21:34.407Z"}}, {"model": "sessions.session", "pk": "o5rulu8iwbqjje14vxdnxdsjput1rnk5", "fields": {"session_data": ".eJxVjEEOwiAQRe_C2pAOCAwu3fcMZIBBqoYmpV0Z765NutDtf-_9lwi0rTVsnZcwZXERIE6_W6T04LaDfKd2m2Wa27pMUe6KPGiX45z5eT3cv4NKvX7rwWFyWIzSbC0ltNoOJmrvzBk4uaK1UWDRG1WA0EMkdAhQvPMpZi7i_QGzNzcI:1tyDOY:9sLj1SRSJaxdaLgcaXQlNqhmIwgpjbUfCBkACP6IlLY", "expire_date": "2025-03-28T17:21:27.808Z"}}, {"model": "sessions.session", "pk": "pembjvsova4ofqyjwq9q822mgy926lhr", "fields": {"session_data": ".eJxVjMsOwiAQRf-FtSG8Cy7d-w1kmAGpGkhKuzL-uzbpQrf3nHNfLMK21riNvMSZ2JlJdvrdEuAjtx3QHdqtc-xtXebEd4UfdPBrp_y8HO7fQYVRvzWGAl4Eb3UxwpYJNE5CJ2_BSICgVJaILqBxUNBqiY4Ai0KJPjkizd4f59g4iA:1uWFVL:repGVVSC69r_2CEze8UBePrJyFzUf4RXMFBpGmohHfI", "expire_date": "2025-07-14T14:29:07.589Z"}}, {"model": "sessions.session", "pk": "qrogffucyo6yv2jycgi820az2owocm3w", "fields": {"session_data": ".eJxVjEEOwiAQRe_C2pAOCAwu3fcMZIBBqoYmpV0Z765NutDtf-_9lwi0rTVsnZcwZXERIE6_W6T04LaDfKd2m2Wa27pMUe6KPGiX45z5eT3cv4NKvX7rwWFyWIzSbC0ltNoOJmrvzBk4uaK1UWDRG1WA0EMkdAhQvPMpZi7i_QGzNzcI:1tyDCb:8mBUV32VmXVID4EJrwreEKF2FBWIQEwSSCLflG5Nd2k", "expire_date": "2025-03-28T17:09:06.303Z"}}, {"model": "sessions.session", "pk": "t9czzqxxeqf7cr9ebmf2tfwtrhtir7sl", "fields": {"session_data": ".eJxVjMsKwjAUBf8lawlNY14utSKILoSC4CYkt4l9kULTiij-uy100-2ZmfNFGmLvh65xAe1Qf78dM5598oM6Q_tm9WDy5NEkKjQXcpIvtEHajEOpx-h6XRVTQtabNTBdzaCoTXh2GLow9JXFs4IXGvG1K1y7X9zVQWliOdWJkCCkZyl1nBuQnPKEWaoE2xIHwlPKUsKlYqknRipijRSSEK-EAls4j35_pSBGjQ:1tyDMi:WHKa2kjnXcF0JEZfY7hsGD1AcV60S3KoatDz16k-Y3E", "expire_date": "2025-04-11T17:19:32.828Z"}}, {"model": "sessions.session", "pk": "tryh8tajfruf2wgrsyxr59wkrio5wa8y", "fields": {"session_data": "e30:1v1jJs:OwsXR0uu5cLsZuV32n_zFvxANGZKH32V5d7q_ADtyAY", "expire_date": "2025-10-09T10:35:24.197Z"}}, {"model": "sessions.session", "pk": "tthufr0tsfo8p27fr96b7ma2cdblvx6t", "fields": {"session_data": ".eJxVjEEOwiAQRe_C2pAOCAwu3fcMZIBBqoYmpV0Z765NutDtf-_9lwi0rTVsnZcwZXERIE6_W6T04LaDfKd2m2Wa27pMUe6KPGiX45z5eT3cv4NKvX7rwWFyWIzSbC0ltNoOJmrvzBk4uaK1UWDRG1WA0EMkdAhQvPMpZi7i_QGzNzcI:1tyDCm:xzlR5UNjyPNdlWW_G6yKSxiiB-5dZiNqtI-LdL4HDWs", "expire_date": "2025-03-28T17:09:17.473Z"}}, {"model": "sessions.session", "pk": "uudrq9udmr9jehtilta70u0bfd0efm08", "fields": {"session_data": ".eJxVjDsOwjAQBe_iGln-W6ak5wzWeneNA8iR4qRC3B0ipYD2zcx7iQzb2vI2eMkTibNwWpx-xwL44L4TukO_zRLnvi5TkbsiDzrkdSZ-Xg7376DBaN_aJ2sMcFBBu1JTUt4ZY4g8BPS2qsqKYyRtsQZEpaKJWK2mEjQ4tl68P-9XN8I:1tyDCz:d8SdPD-c0QklcXI_aHrGWFcqnTA2QWlkRkA88-SK-XM", "expire_date": "2025-03-28T17:09:30.387Z"}}, {"model": "sessions.session", "pk": "vyrmp91wzhuzrrgq40exghpjd4zok4px", "fields": {"session_data": ".eJxVjDsOwyAQBe9CHSEwLKxTpvcZ0C4ssZPIlvypotw9QnKRtG9m3lslOvYxHZusaSrqqgDV5Xdkyk-ZGykPmu-Lzsu8rxPrpuiTbnpYirxup_t3MNI2ttpFQMIYkSw4Wz1bh1A5iGcK6H3pHAdwvRhbRXIG4ygAGuhi7ntQny_1Szdd:1tzWoG:7NBsqOOIwM8nOMA0JoVLbNk2mJHJUFB2Sa_0IbmnrTQ", "expire_date": "2025-04-15T08:17:24.753Z"}}, {"model": "sessions.session", "pk": "z6br5vkhri1bqh2zdj21ckhe1tfjtwgt", "fields": {"session_data": ".eJxVjDsOwjAQBe_iGlnZROvYlPScwfJ-jAPIlvKpIu6OIqWA9s3M201M21ritugcJzFX45y5_I6U-KX1IPJM9dEst7rOE9lDsSdd7L2Jvm-n-3dQ0lKOGllQIAQ3hqAE3CMn8ol6HDTj6ADUUyeguYOMwuQDMXjpBXFwo_l8ASaeOKY:1u3tfz:C0OgkBdYHtkumBYwRaY_p1-kv1NU1433aXnHB-kqpFc", "expire_date": "2025-04-27T09:30:55.121Z"}}, {"model": "sessions.session", "pk": "zkhrqnq1goap374s193dz8i8k7aek60d", "fields": {"session_data": "e30:1v1jIk:3MW_tROwyqFPQSTsJoTHZb0myxaBKsQ-UT5lrAtBbV8", "expire_date": "2025-10-09T10:34:14.610Z"}}, {"model": "main.evaluationfailurelog", "pk": 34, "fields": {"user": 93, "evaluation_date": "2025-10-29T10:17:23.970Z", "score": 40.0, "passing_score": 70.0, "alert_sent": false, "alert_sent_date": null}}, {"model": "main.evaluationfailurelog", "pk": 35, "fields": {"user": 95, "evaluation_date": "2025-10-29T10:17:24.056Z", "score": 20.0, "passing_score": 70.0, "alert_sent": false, "alert_sent_date": null}}, {"model": "main.evaluationfailurelog", "pk": 36, "fields": {"user": 93, "evaluation_date": "2025-10-29T11:04:06.435Z", "score": 40.0, "passing_score": 70.0, "alert_sent": false, "alert_sent_date": null}}, {"model": "main.evaluationfailurelog", "pk": 37, "fields": {"user": 95, "evaluation_date": "2025-10-29T11:04:10.584Z", "score": 20.0, "passing_score": 70.0, "alert_sent": false, "alert_sent_date": null}}, {"model": "main.evaluationfailurelog", "pk": 38, "fields": {"user": 93, "evaluation_date": "2025-10-31T12:09:56.434Z", "score": 40.0, "passing_score": 70.0, "alert_sent": false, "alert_sent_date": null}}, {"model": "main.evaluationfailurelog", "pk": 39, "fields": {"user": 93, "evaluation_date": "2025-10-31T12:10:17.205Z", "score": 40.0, "passing_score": 70.0, "alert_sent": false, "alert_sent_date": null}}, {"model": "main.evaluationfailurelog", "pk": 40, "fields": {"user": 93, "evaluation_date": "2025-11-04T05:00:41.670Z", "score": 40.0, "passing_score": 70.0, "alert_sent": false, "alert_sent_date": null}}, {"model": "main.evaluationfailurelog", "pk": 41, "fields": {"user": 98, "evaluation_date": "2025-11-04T05:01:11.444Z", "score": 54.38, "passing_score": 70.0, "alert_sent": false, "alert_sent_date": null}}, {"model": "main.evaluationfailurelog", "pk": 42, "fields": {"user": 93, "evaluation_date": "2025-11-04T09:01:22.674Z", "score": 40.0, "passing_score": 70.0, "alert_sent": false, "alert_sent_date": null}}, {"model": "main.evaluationfailurelog", "pk": 43, "fields": {"user": 98, "evaluation_date": "2025-11-04T09:01:22.876Z", "score": 54.38, "passing_score": 70.0, "alert_sent": false, "alert_sent_date": null}}, {"model": "main.userprofile", "pk": 1, "fields": {"user": 1, "display_name": "", "role": "Admin", "studentnumber": null, "course": null, "section": null, "institute": null, "evaluation_failure_count": 0, "last_evaluation_failure_date": null, "failure_alert_sent": false}}, {"model": "main.userprofile", "pk": 3, "fields": {"user": 13, "display_name": "", "role": "Admin", "studentnumber": null, "course": null, "section": null, "institute": null, "evaluation_failure_count": 0, "last_evaluation_failure_date": null, "failure_alert_sent": false}}, {"model": "main.userprofile", "pk": 80, "fields": {"user": 93, "display_name": "Jade Puno", "role": "Dean", "studentnumber": null, "course": null, "section": null, "institute": "IBM", "evaluation_failure_count": 4, "last_evaluation_failure_date": "2025-11-04T09:01:22.733Z", "failure_alert_sent": true}}, {"model": "main.userprofile", "pk": 82, "fields": {"user": 95, "display_name": "Alberto Reyes", "role": "Faculty", "studentnumber": null, "course": null, "section": null, "institute": "IBM", "evaluation_failure_count": 0, "last_evaluation_failure_date": null, "failure_alert_sent": false}}, {"model": "main.userprofile", "pk": 85, "fields": {"user": 98, "display_name": "Aeron Dave Caligagan", "role": "Coordinator", "studentnumber": null, "course": null, "section": null, "institute": "IBM", "evaluation_failure_count": 2, "last_evaluation_failure_date": "2025-11-04T09:01:22.899Z", "failure_alert_sent": false}}, {"model": "main.userprofile", "pk": 86, "fields": {"user": 99, "display_name": "Jhonrev Abanes", "role": "Student", "studentnumber": "22-0500", "course": "BSCS", "section": 32, "institute": "", "evaluation_failure_count": 0, "last_evaluation_failure_date": null, "failure_alert_sent": false}}, {"model": "main.userprofile", "pk": 87, "fields": {"user": 100, "display_name": "Jovic Abique", "role": "Student", "studentnumber": "21-1760", "course": "BSCS", "section": 32, "institute": "", "evaluation_failure_count": 0, "last_evaluation_failure_date": null, "failure_alert_sent": false}}, {"model": "main.userprofile", "pk": 88, "fields": {"user": 101, "display_name": "Manoy Abuque", "role": "Student", "studentnumber": "22-2244", "course": "BSCS", "section": 32, "institute": "", "evaluation_failure_count": 0, "last_evaluation_failure_date": null, "failure_alert_sent": false}}, {"model": "main.userprofile", "pk": 89, "fields": {"user": 102, "display_name": "Racaela Alcibar", "role": "Student", "studentnumber": "22-0588", "course": "BSCS", "section": 33, "institute": "", "evaluation_failure_count": 0, "last_evaluation_failure_date": null, "failure_alert_sent": false}}, {"model": "main.userprofile", "pk": 90, "fields": {"user": 103, "display_name": "Froilan Baguio", "role": "Student", "studentnumber": "22-1359", "course": "BSCS", "section": 32, "institute": "", "evaluation_failure_count": 0, "last_evaluation_failure_date": null, "failure_alert_sent": false}}, {"model": "main.userprofile", "pk": 91, "fields": {"user": 104, "display_name": "Paulina Micaela Batac", "role": "Student", "studentnumber": "22-0582", "course": "BSCS", "section": 33, "institute": "", "evaluation_failure_count": 0, "last_evaluation_failure_date": null, "failure_alert_sent": false}}, {"model": "main.userprofile", "pk": 92, "fields": {"user": 105, "display_name": "Ibrahim Bilda", "role": "Student", "studentnumber": "22-1342", "course": "BSCS", "section": 33, "institute": "", "evaluation_failure_count": 0, "last_evaluation_failure_date": null, "failure_alert_sent": false}}, {"model": "main.userprofile", "pk": 93, "fields": {"user": 106, "display_name": "Sylvester James Bustos", "role": "Student", "studentnumber": "22-0508", "course": "BSCS", "section": 33, "institute": "", "evaluation_failure_count": 0, "last_evaluation_failure_date": null, "failure_alert_sent": false}}, {"model": "main.userprofile", "pk": 94, "fields": {"user": 107, "display_name": "John Mark Calalo", "role": "Student", "studentnumber": "22-1667", "course": "BSCS", "section": 1, "institute": "", "evaluation_failure_count": 0, "last_evaluation_failure_date": null, "failure_alert_sent": false}}, {"model": "main.userprofile", "pk": 95, "fields": {"user": 108, "display_name": "Clark Kent Caylao", "role": "Student", "studentnumber": "22-1366", "course": "BSCS", "section": 33, "institute": "", "evaluation_failure_count": 0, "last_evaluation_failure_date": null, "failure_alert_sent": false}}, {"model": "main.userprofile", "pk": 96, "fields": {"user": 109, "display_name": "Joward Claudio", "role": "Student", "studentnumber": "22-1350", "course": "BSCS", "section": 34, "institute": "", "evaluation_failure_count": 0, "last_evaluation_failure_date": null, "failure_alert_sent": false}}, {"model": "main.userprofile", "pk": 97, "fields": {"user": 110, "display_name": "Rafael David", "role": "Student", "studentnumber": "22-1395", "course": "BSCS", "section": 34, "institute": "", "evaluation_failure_count": 0, "last_evaluation_failure_date": null, "failure_alert_sent": false}}, {"model": "main.userprofile", "pk": 98, "fields": {"user": 111, "display_name": "Fritz Andrei Diaz", "role": "Student", "studentnumber": "22-0592", "course": "BSCS", "section": 34, "institute": "", "evaluation_failure_count": 0, "last_evaluation_failure_date": null, "failure_alert_sent": false}}, {"model": "main.userprofile", "pk": 99, "fields": {"user": 112, "display_name": "Precious Dian Flores", "role": "Student", "studentnumber": "22-0507", "course": "BSCS", "section": 35, "institute": "", "evaluation_failure_count": 0, "last_evaluation_failure_date": null, "failure_alert_sent": false}}, {"model": "main.userprofile", "pk": 100, "fields": {"user": 113, "display_name": "Ruiz Gabriel Gaton", "role": "Student", "studentnumber": "22-2242", "course": "BSCS", "section": 34, "institute": "", "evaluation_failure_count": 0, "last_evaluation_failure_date": null, "failure_alert_sent": false}}, {"model": "main.userprofile", "pk": 101, "fields": {"user": 114, "display_name": "Shamelle Adrianna Hay", "role": "Student", "studentnumber": "22-1315", "course": "BSCS", "section": 35, "institute": "", "evaluation_failure_count": 0, "last_evaluation_failure_date": null, "failure_alert_sent": false}}, {"model": "main.userprofile", "pk": 102, "fields": {"user": 115, "display_name": "Ian Lorence Ilao", "role": "Student", "studentnumber": "22-2546", "course": "BSCS", "section": 35, "institute": "", "evaluation_failure_count": 0, "last_evaluation_failure_date": null, "failure_alert_sent": false}}, {"model": "main.userprofile", "pk": 103, "fields": {"user": 116, "display_name": "Jimuel Lagman", "role": "Student", "studentnumber": "22-1400", "course": "BSCS", "section": 35, "institute": "", "evaluation_failure_count": 0, "last_evaluation_failure_date": null, "failure_alert_sent": false}}, {"model": "main.userprofile", "pk": 104, "fields": {"user": 117, "display_name": "Clyde Sergio Lubat", "role": "Student", "studentnumber": "22-2484", "course": "BSCS", "section": 35, "institute": "", "evaluation_failure_count": 0, "last_evaluation_failure_date": null, "failure_alert_sent": false}}, {"model": "main.userprofile", "pk": 106, "fields": {"user": 119, "display_name": "Lorence Mancenido", "role": "Student", "studentnumber": "22-1903", "course": "BSCS", "section": 36, "institute": "", "evaluation_failure_count": 0, "last_evaluation_failure_date": null, "failure_alert_sent": false}}, {"model": "main.userprofile", "pk": 107, "fields": {"user": 120, "display_name": "Christian Neil Mangalao", "role": "Student", "studentnumber": "22-1351", "course": "BSCS", "section": 36, "institute": "", "evaluation_failure_count": 0, "last_evaluation_failure_date": null, "failure_alert_sent": false}}, {"model": "main.userprofile", "pk": 108, "fields": {"user": 121, "display_name": "Marlon Lorence Miranda", "role": "Student", "studentnumber": "22-0633", "course": "BSCS", "section": 36, "institute": "", "evaluation_failure_count": 0, "last_evaluation_failure_date": null, "failure_alert_sent": false}}, {"model": "main.userprofile", "pk": 109, "fields": {"user": 122, "display_name": "Christopher Vienry Omania", "role": "Student", "studentnumber": "22-0532", "course": "BSCS", "section": 36, "institute": "", "evaluation_failure_count": 0, "last_evaluation_failure_date": null, "failure_alert_sent": false}}, {"model": "main.userprofile", "pk": 110, "fields": {"user": 123, "display_name": "Jerold Oyando", "role": "Student", "studentnumber": "22-1886", "course": "BSCS", "section": 36, "institute": "", "evaluation_failure_count": 0, "last_evaluation_failure_date": null, "failure_alert_sent": false}}, {"model": "main.userprofile", "pk": 111, "fields": {"user": 124, "display_name": "Anthony Planos", "role": "Student", "studentnumber": "22-0551", "course": "BSCS", "section": 23, "institute": "", "evaluation_failure_count": 0, "last_evaluation_failure_date": null, "failure_alert_sent": false}}, {"model": "main.userprofile", "pk": 112, "fields": {"user": 125, "display_name": "Rainer Sanchez", "role": "Student", "studentnumber": "22-2234", "course": "BSCS", "section": 23, "institute": "", "evaluation_failure_count": 0, "last_evaluation_failure_date": null, "failure_alert_sent": false}}, {"model": "main.userprofile", "pk": 113, "fields": {"user": 126, "display_name": "Ma. Christina Soriano", "role": "Student", "studentnumber": "22-0615", "course": "BSCS", "section": 23, "institute": "", "evaluation_failure_count": 0, "last_evaluation_failure_date": null, "failure_alert_sent": false}}, {"model": "main.userprofile", "pk": 114, "fields": {"user": 127, "display_name": "Paul Sebastian Tegio", "role": "Student", "studentnumber": "22-1324", "course": "BSCS", "section": 23, "institute": "", "evaluation_failure_count": 0, "last_evaluation_failure_date": null, "failure_alert_sent": false}}, {"model": "main.userprofile", "pk": 115, "fields": {"user": 128, "display_name": "Florian Mae Tubiera", "role": "Student", "studentnumber": "22-0531", "course": "BSCS", "section": 23, "institute": "", "evaluation_failure_count": 0, "last_evaluation_failure_date": null, "failure_alert_sent": false}}, {"model": "main.userprofile", "pk": 116, "fields": {"user": 129, "display_name": "Mark Sebastian", "role": "Dean", "studentnumber": null, "course": null, "section": null, "institute": "IBM", "evaluation_failure_count": 0, "last_evaluation_failure_date": null, "failure_alert_sent": false}}, {"model": "main.userprofile", "pk": 117, "fields": {"user": 130, "display_name": "Paulo Madrigal", "role": "Dean", "studentnumber": null, "course": null, "section": null, "institute": "IBM", "evaluation_failure_count": 0, "last_evaluation_failure_date": null, "failure_alert_sent": false}}, {"model": "main.userprofile", "pk": 118, "fields": {"user": 131, "display_name": "Seth Rodrigo", "role": "Coordinator", "studentnumber": null, "course": null, "section": null, "institute": "IBM", "evaluation_failure_count": 0, "last_evaluation_failure_date": null, "failure_alert_sent": false}}, {"model": "main.userprofile", "pk": 119, "fields": {"user": 132, "display_name": "Jonathan Tupaz", "role": "Coordinator", "studentnumber": null, "course": null, "section": null, "institute": "IBM", "evaluation_failure_count": 0, "last_evaluation_failure_date": null, "failure_alert_sent": false}}, {"model": "main.userprofile", "pk": 120, "fields": {"user": 133, "display_name": "Patricia Muldong", "role": "Faculty", "studentnumber": null, "course": null, "section": null, "institute": "IBM", "evaluation_failure_count": 0, "last_evaluation_failure_date": null, "failure_alert_sent": false}}, {"model": "main.userprofile", "pk": 121, "fields": {"user": 134, "display_name": "Shanon Ticse", "role": "Faculty", "studentnumber": null, "course": null, "section": null, "institute": "IBM", "evaluation_failure_count": 0, "last_evaluation_failure_date": null, "failure_alert_sent": false}}, {"model": "main.userprofile", "pk": 122, "fields": {"user": 135, "display_name": "John Marko", "role": "Student", "studentnumber": "22-7898", "course": "BSCS", "section": 32, "institute": "", "evaluation_failure_count": 0, "last_evaluation_failure_date": null, "failure_alert_sent": false}}, {"model": "main.userprofile", "pk": 123, "fields": {"user": 136, "display_name": "Mark Ponce", "role": "Student", "studentnumber": "22-6700", "course": "BSCS", "section": 32, "institute": "", "evaluation_failure_count": 0, "last_evaluation_failure_date": null, "failure_alert_sent": false}}, {"model": "main.userprofile", "pk": 125, "fields": {"user": 138, "display_name": "john mark", "role": "Student", "studentnumber": "22-2131", "course": "BSCS", "section": 32, "institute": "", "evaluation_failure_count": 0, "last_evaluation_failure_date": null, "failure_alert_sent": false}}, {"model": "main.userprofile", "pk": 127, "fields": {"user": 140, "display_name": "richard bituonon", "role": "Student", "studentnumber": "22-1233", "course": "BSIS", "section": 14, "institute": "", "evaluation_failure_count": 0, "last_evaluation_failure_date": null, "failure_alert_sent": false}}, {"model": "main.section", "pk": 1, "fields": {"code": "C101", "year_level": 1}}, {"model": "main.section", "pk": 2, "fields": {"code": "C102", "year_level": 1}}, {"model": "main.section", "pk": 3, "fields": {"code": "C103", "year_level": 1}}, {"model": "main.section", "pk": 4, "fields": {"code": "C104", "year_level": 1}}, {"model": "main.section", "pk": 5, "fields": {"code": "C105", "year_level": 1}}, {"model": "main.section", "pk": 6, "fields": {"code": "C106", "year_level": 1}}, {"model": "main.section", "pk": 7, "fields": {"code": "C107", "year_level": 1}}, {"model": "main.section", "pk": 8, "fields": {"code": "C108", "year_level": 1}}, {"model": "main.section", "pk": 9, "fields": {"code": "C109", "year_level": 1}}, {"model": "main.section", "pk": 10, "fields": {"code": "C201", "year_level": 2}}, {"model": "main.section", "pk": 11, "fields": {"code": "C202", "year_level": 2}}, {"model": "main.section", "pk": 12, "fields": {"code": "C203", "year_level": 2}}, {"model": "main.section", "pk": 13, "fields": {"code": "C204", "year_level": 2}}, {"model": "main.section", "pk": 14, "fields": {"code": "C205", "year_level": 2}}, {"model": "main.section", "pk": 15, "fields": {"code": "C206", "year_level": 2}}, {"model": "main.section", "pk": 16, "fields": {"code": "C207", "year_level": 2}}, {"model": "main.section", "pk": 17, "fields": {"code": "C208", "year_level": 2}}, {"model": "main.section", "pk": 18, "fields": {"code": "C209", "year_level": 2}}, {"model": "main.section", "pk": 19, "fields": {"code": "C301", "year_level": 3}}, {"model": "main.section", "pk": 20, "fields": {"code": "C302", "year_level": 3}}, {"model": "main.section", "pk": 21, "fields": {"code": "C303", "year_level": 3}}, {"model": "main.section", "pk": 22, "fields": {"code": "C304", "year_level": 3}}, {"model": "main.section", "pk": 23, "fields": {"code": "C305", "year_level": 3}}, {"model": "main.section", "pk": 24, "fields": {"code": "C306", "year_level": 3}}, {"model": "main.section", "pk": 25, "fields": {"code": "C307", "year_level": 3}}, {"model": "main.section", "pk": 26, "fields": {"code": "C308", "year_level": 3}}, {"model": "main.section", "pk": 27, "fields": {"code": "C309", "year_level": 3}}, {"model": "main.section", "pk": 28, "fields": {"code": "C401", "year_level": 4}}, {"model": "main.section", "pk": 29, "fields": {"code": "C402", "year_level": 4}}, {"model": "main.section", "pk": 30, "fields": {"code": "C403", "year_level": 4}}, {"model": "main.section", "pk": 31, "fields": {"code": "C404", "year_level": 4}}, {"model": "main.section", "pk": 32, "fields": {"code": "C405", "year_level": 4}}, {"model": "main.section", "pk": 33, "fields": {"code": "C406", "year_level": 4}}, {"model": "main.section", "pk": 34, "fields": {"code": "C407", "year_level": 4}}, {"model": "main.section", "pk": 35, "fields": {"code": "C408", "year_level": 4}}, {"model": "main.section", "pk": 36, "fields": {"code": "C409", "year_level": 4}}, {"model": "main.evaluationperiod", "pk": 1, "fields": {"name": "Student Evaluation October 2025", "evaluation_type": "student", "start_date": "2025-09-17T15:49:11.075Z", "end_date": "2025-10-17T15:49:11.075Z", "is_active": false, "created_at": "2025-10-17T15:49:11.076Z"}}, {"model": "main.evaluationperiod", "pk": 2, "fields": {"name": "Peer Evaluation October 2025", "evaluation_type": "peer", "start_date": "2025-09-17T15:49:11.128Z", "end_date": "2025-10-17T15:49:11.128Z", "is_active": false, "created_at": "2025-10-17T15:49:11.128Z"}}, {"model": "main.evaluationperiod", "pk": 3, "fields": {"name": "Student Evaluation November 2025", "evaluation_type": "student", "start_date": "2025-11-02T14:56:32.800Z", "end_date": "2025-11-02T15:00:30.296Z", "is_active": false, "created_at": "2025-11-02T14:56:32.818Z"}}, {"model": "main.evaluationperiod", "pk": 4, "fields": {"name": "Peer Evaluation November 2025", "evaluation_type": "peer", "start_date": "2025-11-02T14:56:32.959Z", "end_date": "2025-11-02T15:00:30.438Z", "is_active": false, "created_at": "2025-11-02T14:56:32.961Z"}}, {"model": "main.evaluation", "pk": 4, "fields": {"evaluator": 13, "evaluation_type": "student", "is_released": true, "created_at": "2025-04-12T10:36:07.651Z", "evaluation_period": null}}, {"model": "main.evaluation", "pk": 5, "fields": {"evaluator": 13, "evaluation_type": "peer", "is_released": true, "created_at": "2025-04-12T10:40:17.316Z", "evaluation_period": null}}, {"model": "main.evaluationresponse", "pk": 62, "fields": {"evaluator": 99, "evaluatee": 93, "student_number": "22-0500", "student_section": "C405", "submitted_at": "2025-10-31T12:04:06.694Z", "question1": "Unsatisfactory", "question2": "Unsatisfactory", "question3": "Unsatisfactory", "question4": "Unsatisfactory", "question5": "Unsatisfactory", "question6": "Unsatisfactory", "question7": "Unsatisfactory", "question8": "Unsatisfactory", "question9": "Unsatisfactory", "question10": "Unsatisfactory", "question11": "Unsatisfactory", "question12": "Unsatisfactory", "question13": "Unsatisfactory", "question14": "Unsatisfactory", "question15": "Unsatisfactory", "comments": "this teacher is not approachable"}}, {"model": "main.evaluationresponse", "pk": 63, "fields": {"evaluator": 93, "evaluatee": 98, "student_number": "", "student_section": "IBM Staff", "submitted_at": "2025-10-31T12:17:55.927Z", "question1": "Very Satisfactory", "question2": "Satisfactory", "question3": "Very Satisfactory", "question4": "Very Satisfactory", "question5": "Very Satisfactory", "question6": "Satisfactory", "question7": "Very Satisfactory", "question8": "Satisfactory", "question9": "Very Satisfactory", "question10": "Satisfactory", "question11": "Very Satisfactory", "question12": "Satisfactory", "question13": "Very Satisfactory", "question14": "Very Satisfactory", "question15": "Satisfactory", "comments": ""}}, {"model": "main.evaluationresponse", "pk": 64, "fields": {"evaluator": 99, "evaluatee": 98, "student_number": "22-0500", "student_section": "C405", "submitted_at": "2025-11-04T04:57:32.257Z", "question1": "Unsatisfactory", "question2": "Unsatisfactory", "question3": "Unsatisfactory", "question4": "Unsatisfactory", "question5": "Unsatisfactory", "question6": "Unsatisfactory", "question7": "Unsatisfactory", "question8": "Unsatisfactory", "question9": "Unsatisfactory", "question10": "Unsatisfactory", "question11": "Poor", "question12": "Unsatisfactory", "question13": "Poor", "question14": "Unsatisfactory", "question15": "Poor", "comments": ""}}, {"model": "main.evaluationresponse", "pk": 65, "fields": {"evaluator": 99, "evaluatee": 129, "student_number": "22-0500", "student_section": "C405", "submitted_at": "2025-11-04T07:43:36.124Z", "question1": "Very Satisfactory", "question2": "Satisfactory", "question3": "Very Satisfactory", "question4": "Very Satisfactory", "question5": "Satisfactory", "question6": "Very Satisfactory", "question7": "Satisfactory", "question8": "Very Satisfactory", "question9": "Very Satisfactory", "question10": "Very Satisfactory", "question11": "Very Satisfactory", "question12": "Very Satisfactory", "question13": "Very Satisfactory", "question14": "Satisfactory", "question15": "Very Satisfactory", "comments": ""}}, {"model": "main.evaluationresult", "pk": 1, "fields": {"user": 98, "evaluation_period": 3, "section": null, "category_a_score": 26.25, "category_b_score": 17.5, "category_c_score": 14.0, "category_d_score": 14.67, "total_percentage": 72.42, "average_rating": 3.62, "total_responses": 1, "total_questions": 15, "poor_count": 0, "unsatisfactory_count": 0, "satisfactory_count": 6, "very_satisfactory_count": 9, "outstanding_count": 0, "calculated_at": "2025-11-02T15:00:30.357Z", "last_updated": "2025-11-02T15:00:30.357Z"}}, {"model": "main.evaluationresult", "pk": 2, "fields": {"user": 93, "evaluation_period": 3, "section": 32, "category_a_score": 14.0, "category_b_score": 10.0, "category_c_score": 8.0, "category_d_score": 8.0, "total_percentage": 40.0, "average_rating": 2.0, "total_responses": 1, "total_questions": 15, "poor_count": 0, "unsatisfactory_count": 15, "satisfactory_count": 0, "very_satisfactory_count": 0, "outstanding_count": 0, "calculated_at": "2025-11-02T15:00:30.404Z", "last_updated": "2025-11-02T15:00:30.404Z"}}, {"model": "main.evaluationresult", "pk": 3, "fields": {"user": 98, "evaluation_period": 4, "section": null, "category_a_score": 26.25, "category_b_score": 17.5, "category_c_score": 14.0, "category_d_score": 14.67, "total_percentage": 72.42, "average_rating": 3.62, "total_responses": 1, "total_questions": 15, "poor_count": 0, "unsatisfactory_count": 0, "satisfactory_count": 6, "very_satisfactory_count": 9, "outstanding_count": 0, "calculated_at": "2025-11-02T15:00:30.468Z", "last_updated": "2025-11-02T15:00:30.468Z"}}, {"model": "main.adminactivitylog", "pk": 2, "fields": {"admin": 1, "action": "delete_account", "target_user": null, "target_section": null, "description": "Deleted account: jeraldmaglalang (jeraldmaglalang@cca.edu.ph)", "timestamp": "2025-10-30T16:51:51.199Z", "ip_address": "127.0.0.1"}}, {"model": "main.adminactivitylog", "pk": 3, "fields": {"admin": 1, "action": "delete_account", "target_user": null, "target_section": null, "description": "Deleted account: jeraldmaglalang (jeraldmaglalang@cca.edu.ph)", "timestamp": "2025-10-30T16:51:51.195Z", "ip_address": "127.0.0.1"}}, {"model": "main.adminactivitylog", "pk": 4, "fields": {"admin": 1, "action": "update_account", "target_user": 100, "target_section": null, "description": "Updated account for jovicabique (jovicabique@cca.edu.ph) - Role: Student", "timestamp": "2025-10-30T16:54:11.923Z", "ip_address": "127.0.0.1"}}, {"model": "main.adminactivitylog", "pk": 5, "fields": {"admin": 1, "action": "update_account", "target_user": 100, "target_section": null, "description": "Updated account for jovicabique (jovicabique@cca.edu.ph) - Role: Student", "timestamp": "2025-10-30T16:57:07.539Z", "ip_address": "127.0.0.1"}}, {"model": "main.adminactivitylog", "pk": 6, "fields": {"admin": 1, "action": "update_account", "target_user": 112, "target_section": null, "description": "Updated account for preciousflores (preciousflores@cca.edu.ph) - Role: Student\nChanges: Section: 'C407' → 'C408'", "timestamp": "2025-10-30T17:07:52.238Z", "ip_address": "127.0.0.1"}}, {"model": "main.adminactivitylog", "pk": 7, "fields": {"admin": 1, "action": "update_account", "target_user": 102, "target_section": null, "description": "Updated account for racaelaalcibar (racaelaalcibar@cca.edu.ph) - Role: Student\nChanges: Section: 'C405' → 'C406'", "timestamp": "2025-10-31T11:43:34.743Z", "ip_address": "127.0.0.1"}}, {"model": "main.adminactivitylog", "pk": 8, "fields": {"admin": 1, "action": "update_account", "target_user": 98, "target_section": null, "description": "Updated account for aeroncaligagan (aeroncaligagan@gmail.com) - Role: Coordinator\nChanges: Password: Updated", "timestamp": "2025-10-31T12:22:41.742Z", "ip_address": "127.0.0.1"}}, {"model": "main.adminactivitylog", "pk": 9, "fields": {"admin": 1, "action": "create_account", "target_user": 140, "target_section": null, "description": "Created new account: richardbituonon1 (richardbituonon@cca.edu.ph) - Role: Student", "timestamp": "2025-10-31T12:32:40.581Z", "ip_address": "127.0.0.1"}}, {"model": "main.adminactivitylog", "pk": 10, "fields": {"admin": 1, "action": "update_account", "target_user": 93, "target_section": null, "description": "Viewed/accessed account settings for jadepuno (jade.puno@gmail.com) - Role: Dean (No changes made)", "timestamp": "2025-10-31T12:34:28.216Z", "ip_address": "127.0.0.1"}}, {"model": "main.adminactivitylog", "pk": 11, "fields": {"admin": 1, "action": "export_accounts", "target_user": null, "target_section": null, "description": "Exported all accounts to Excel file", "timestamp": "2025-10-31T18:04:58.171Z", "ip_address": "127.0.0.1"}}, {"model": "main.adminactivitylog", "pk": 12, "fields": {"admin": 1, "action": "update_account", "target_user": 98, "target_section": null, "description": "Updated account for aeroncaligagan (aeroncaligagan@gmail.com) - Role: Coordinator\nChanges: Added sections: C405", "timestamp": "2025-11-03T04:34:43.097Z", "ip_address": "127.0.0.1"}}, {"model": "main.adminactivitylog", "pk": 13, "fields": {"admin": 1, "action": "update_account", "target_user": 93, "target_section": null, "description": "Updated account for jadepuno (jade.puno@gmail.com) - Role: Dean\nChanges: Added sections: C101, C102, C103", "timestamp": "2025-11-04T04:55:35.075Z", "ip_address": "127.0.0.1"}}, {"model": "main.adminactivitylog", "pk": 14, "fields": {"admin": 1, "action": "export_accounts", "target_user": null, "target_section": null, "description": "Exported all accounts to Excel file", "timestamp": "2025-11-06T14:45:11.531Z", "ip_address": "127.0.0.1"}}, {"model": "main.adminactivitylog", "pk": 15, "fields": {"admin": 1, "action": "create_account", "target_user": null, "target_section": null, "description": "Created new account: zyrahmastelero (zyrahmastelero@cca.edu.ph) - Role: Student", "timestamp": "2025-11-06T15:12:24.628Z", "ip_address": "127.0.0.1"}}, {"model": "main.adminactivitylog", "pk": 16, "fields": {"admin": 1, "action": "delete_account", "target_user": null, "target_section": null, "description": "Deleted account: zyrahmastelero (zyrahmastelero@cca.edu.ph)", "timestamp": "2025-11-06T15:15:29.030Z", "ip_address": "127.0.0.1"}}, {"model": "main.adminactivitylog", "pk": 17, "fields": {"admin": 1, "action": "delete_account", "target_user": null, "target_section": null, "description": "Deleted account: zyrahmastelero (zyrahmastelero@cca.edu.ph)", "timestamp": "2025-11-06T15:15:29.043Z", "ip_address": "127.0.0.1"}}, {"model": "main.adminactivitylog", "pk": 18, "fields": {"admin": 1, "action": "update_account", "target_user": 95, "target_section": null, "description": "Updated account for Albertoreyes (Alberto.reyes@gmail.com) - Role: Faculty\nChanges: Added sections: C102", "timestamp": "2025-11-07T16:45:54.877Z", "ip_address": "127.0.0.1"}}, {"model": "main.adminactivitylog", "pk": 19, "fields": {"admin": 1, "action": "update_account", "target_user": 95, "target_section": null, "description": "Updated account for Albertoreyes (Alberto.reyes@gmail.com) - Role: Faculty\nChanges: Removed all section assignments: C102", "timestamp": "2025-11-07T16:46:08.607Z", "ip_address": "127.0.0.1"}}, {"model": "main.sectionassignment", "pk": 62, "fields": {"user": 93, "section": 32, "role": "dean"}}, {"model": "main.sectionassignment", "pk": 65, "fields": {"user": 129, "section": 32, "role": "dean"}}, {"model": "main.sectionassignment", "pk": 66, "fields": {"user": 98, "section": 32, "role": "coordinator"}}, {"model": "main.sectionassignment", "pk": 67, "fields": {"user": 93, "section": 1, "role": "dean"}}, {"model": "main.sectionassignment", "pk": 68, "fields": {"user": 93, "section": 2, "role": "dean"}}, {"model": "main.sectionassignment", "pk": 69, "fields": {"user": 93, "section": 3, "role": "dean"}}]